reference_response_question_end,avg_bleu,avg_meteor,avg_rouge1,avg_rouge2,avg_rougeL,num_samples
a and b guest house?,0.0,0.0,0.0,0.0,0.0,1
a better choice for you?,0.0,0.0,0.0,0.0,0.0,1
a better option for you?,0.0,0.0,0.0,0.0,0.0,5
a comparable place that does?,0.0,0.0,0.0,0.0,0.0,7
a deal breaker for you?,0.0,0.0,0.0,0.0,0.0,1
a different day or time?,0.0,0.0,0.0,0.0,0.0,1
a different guesthouse for you?,0.0,0.0,0.0,0.0,0.0,2
a different location for you?,0.0,0.0,0.0,0.0,0.0,1
a different option for you?,0.0,0.0,0.0,0.0,0.0,2
a different place to stay?,0.0,0.0,0.0,0.0,0.0,1
a different restaurant for you?,0.0,0.0,0.0,0.0,0.0,1
a good fit for you?,0.0,0.0,0.0,0.0,0.0,1
a good situation for you?,0.0,0.0,0.0,0.0,0.0,1
a larger room is available?,0.0,0.0,0.0,0.0,0.0,1
a mattress for your needs?,0.0,0.0,0.0,0.0,0.0,1
a more highly rated place?,0.0,0.0,0.0,0.0,0.0,1
a perfect view while eating?,0.0,0.0,0.0,0.0,0.0,1
a place with better ratings?,0.0,0.0022008253094910595,0.0,0.0,0.0,6
a place with better reviews?,0.0,0.0,0.0,0.0,0.0,1
a place with better service?,0.0,0.0,0.0,0.0,0.0,1
a place with free wifi?,0.0,0.0,0.0,0.0,0.0,1
a place with higher ratings?,0.0,0.0,0.0,0.0,0.0,2
a place with lower prices?,0.0,0.0,0.0,0.0,0.0,6
a place with more offerings?,0.0,0.0,0.0,0.0,0.0,1
a place with more options?,0.0,0.0,0.0,0.0,0.0,2
a place with relaxing atmosphere?,0.0,0.0,0.0,0.0,0.0,1
a reservation at hobson's house?,0.0,0.0,0.0,0.0,0.0,1
a reservation at j restaurant?,0.0,0.0,0.0,0.0,0.0,1
a reservation at meze bar?,0.0,0.0,0.0,0.0,0.0,1
a reservation at the restaurant?,0.0,0.0,0.0,0.0,0.0,2
a reservation at this location?,0.0,0.0,0.0,0.0,0.0,1
a reservation at this time?,0.0,0.0,0.0,0.0,0.0,1
a reservation for a table?,0.0,0.0,0.0,0.0,0.0,1
a reservation for this location?,0.0,0.0,0.0,0.0,0.0,1
a reservation for you now?,0.0,0.0,0.0,0.0,0.0,1
a reservation for you there?,0.0,0.0,0.0,0.0,0.0,2
a reservation or keep looking?,0.0,0.0,0.0,0.0,0.0,1
a reservation or look elsewhere?,0.0,0.0,0.0,0.0,0.0,1
a reservation some place else?,0.0,0.0,0.0,0.0,0.0,1
a reservation somewhere else instead?,0.0,0.0,0.0,0.0,0.0,1
a reservation there for you?,0.0,0.0,0.0,0.0,0.0,1
a reservation to dine there?,0.0,0.0,0.0,0.0,0.0,1
a reservation to eat there?,0.0,0.0,0.0,0.0,0.0,1
a restaurant with better views?,0.0,0.0,0.0,0.0,0.0,3
a room at hobsons house?,0.0,0.023272727272727278,0.0,0.0,0.0,1
a room at kirkwood house?,0.0,0.0,0.0,0.0,0.0,1
a room at that hotel?,0.0,0.015153906866614051,0.0,0.0,0.0,1
a room at the ashley?,0.0,0.0,0.0,0.0,0.0,1
a room at this location?,0.0,0.0,0.0,0.0,0.0,1
a room at this time?,0.0,0.0,0.0,0.0,0.0,2
a room at worth house?,0.0,0.0,0.0,0.0,0.0,1
a room for you there?,0.0,0.008268733850129202,0.0,0.0,0.0,3
a room there for you?,0.0,0.012972972972972974,0.0,0.0,0.0,2
a table at curry garden?,0.0,0.0,0.0,0.0,0.0,1
a table at curry prince?,0.0,0.0,0.0,0.0,0.0,1
a table at either restaurant?,0.0,0.0,0.0,0.0,0.0,1
a table at royal spice?,0.0,0.0,0.0,0.0,0.0,1
a table for 5 people?,0.0,0.0,0.0,0.0,0.0,1
a table for you outside?,0.0,0.0,0.0,0.0,0.0,1
a table for you there?,0.0,0.0,0.0,0.0,0.0,6
a table for your party?,0.0,0.0,0.0,0.0,0.0,3
a table indoors for you?,0.0,0.0,0.0,0.0,0.0,2
a table on the patio?,0.0,0.0,0.0,0.0,0.0,1
a table or keep looking?,0.0,0.0,0.0,0.0,0.0,1
a table or keep searching?,0.0,0.0,0.0,0.0,0.0,2
a table outdoors for you?,0.0,0.0,0.0,0.0,0.0,1
a table outside for you?,0.0,0.0,0.0,0.0,0.0,1
a table there for you?,0.0,0.0,0.0,0.0,0.0,3
a table to eat outdoors?,0.0,0.0,0.0,0.0,0.0,1
a table with a view?,0.0,0.0,0.0,0.0,0.0,1
a third option for you?,0.0,0.022351571594877773,0.0,0.0,0.0,1
a window seat for you?,0.0,0.0,0.0,0.0,0.0,1
abou the a and b?,0.0,0.0,0.0,0.0,0.0,1
about a and b guesthouse?,0.0,0.0,0.0,0.0,0.0,1
about any of the places?,0.0,0.0,0.0,0.0,0.0,1
about any of these places?,0.0,0.0,0.0,0.0,0.0,2
about any of these restaurants?,0.0,0.0,0.0,0.0,0.0,1
about any other menu items?,0.0,0.0,0.0,0.0,0.0,1
about caffe uno for you?,0.0,0.0,0.0,0.0,0.0,1
about charlie chan for you?,0.0,0.0,0.0,0.0,0.0,1
about either of these restaurants?,0.0,0.0,0.0,0.0,0.0,1
about india house for you?,0.0,0.0,0.0,0.0,0.0,1
about pizza hut cherry hinton?,0.0,0.0,0.0,0.0,0.0,1
about pizza hut fen ditton?,0.0,0.0,0.0,0.0,0.0,2
about prezzo for you today?,0.0,0.0,0.0,0.0,0.0,1
about rice boat for you?,0.0,0.0,0.0,0.0,0.0,1
about saint johns chop house?,0.0,0.0,0.0,0.0,0.0,1
about the a & b?,0.0,0.0,0.0,0.0,0.0,1
about the acorn for you?,0.0,0.0,0.0,0.0,0.0,1
about the acorn guest house?,0.0,0.0059405940594059415,0.0,0.0,0.0,4
about the allenbell for you?,0.0,0.0,0.0,0.0,0.0,1
about the ashley for you?,0.0,0.024806201550387603,0.0,0.0,0.0,1
about the cambridge chop house?,0.0,0.0,0.0,0.0,0.0,1
about the cow pizza kitchen?,0.0,0.0,0.0,0.0,0.0,1
about the dojo noodle bar?,0.0,0.0,0.0,0.0,0.0,4
about the guesthouse for you?,0.0,0.0,0.0,0.0,0.0,1
about the hotel for you?,0.0,0.0,0.0,0.0,0.0,3
about the huntingdon marriott hotel?,0.0,0.0,0.0,0.0,0.0,1
about the la raza restaurant?,0.0,0.0,0.0,0.0,0.0,1
about the lan hong house?,0.0,0.0,0.0,0.0,0.0,2
about the menu at meghna?,0.0,0.0,0.0,0.0,0.0,1
about the restaurant for you?,0.0,0.0,0.0,0.0,0.0,9
about the rice boat today?,0.0,0.0,0.0,0.0,0.0,1
about the train you need?,0.0,0.0,0.0,0.0,0.0,1
about these restaurants for you?,0.0,0.0,0.0,0.0,0.0,1
about this location for you?,0.0,0.0,0.0,0.0,0.0,5
about this spot for you?,0.0,0.0,0.0,0.0,0.0,1
additional information about the hotel?,0.0,0.0,0.0,0.0,0.0,1
additional information about the lodge?,0.0,0.0,0.0,0.0,0.0,1
additional information about the nirala?,0.0,0.0,0.0,0.0,0.0,1
additional questions about royal spice?,0.0,0.0,0.0,0.0,0.0,1
additional questions about the gonville?,0.0,0.0,0.0,0.0,0.0,1
additional questions about the hotel?,0.0,0.0,0.0,0.0,0.0,1
additional questions about their menu?,0.0,0.0,0.0,0.0,0.0,1
additional questions about this location?,0.0,0.0,0.0,0.0,0.0,1
additional questions for you today?,0.0,0.0,0.0,0.0,0.0,1
affordable place that serves pizza?,0.0,0.0,0.0,0.0,0.0,1
affordable restaurant that sells goulash?,0.0,0.0,0.0,0.0,0.0,1
ahead and book a room?,0.0,0.024273072060682688,0.0,0.0,0.0,1
ahead and book a table?,0.0,0.0,0.0,0.0,0.0,1
ahead and book it now?,0.0,0.0,0.0,0.0,0.0,1
ahead and book your table?,0.0,0.0,0.0,0.0,0.0,1
ahead and make a reservation?,0.0,0.0,0.0,0.0,0.0,2
ahead and reserve a room?,0.0,0.0,0.0,0.0,0.0,1
ahead with making a reservation?,0.0,0.0,0.0,0.0,0.0,1
all right for your needs?,0.0,0.0,0.0,0.0,0.0,1
also be for three people?,0.0,0.0,0.0,0.0,0.0,1
amenities are you looking for?,0.0,0.0,0.0,0.0,0.0,1
an asian restaurant that does?,0.0,0.0,0.0,0.0,0.0,1
an different hotel for you?,0.0,0.0,0.0,0.0,0.0,1
an option with better internet?,0.0,0.0,0.0,0.0,0.0,1
an option with better reviews?,0.0,0.023762376237623766,0.0,0.0,0.0,1
an option with better value?,0.0,0.0,0.0,0.0,0.0,1
an option with cleaner rooms?,0.0,0.0,0.0,0.0,0.0,1
an option with larger rooms?,0.0,0.0,0.0,0.0,0.0,1
and book a reservation now?,0.0,0.0,0.0,0.0,0.0,1
and book it for you?,0.0,0.0,0.0,0.0,0.0,1
and book that for you?,0.0,0.0,0.0,0.0,0.0,1
and book you a table?,0.0,0.0,0.0,0.0,0.0,1
and make a reservation anyway?,0.0,0.0,0.0,0.0,0.0,1
and pizza hut as well?,0.0,0.0,0.0,0.0,0.0,1
another chinese restaurant for you?,0.0,0.0,0.0,0.0,0.0,1
another indian restaurant for you?,0.0,0.0,0.0,0.0,0.0,1
another location for your stay?,0.0,0.009815950920245401,0.0,0.0,0.0,2
another location with larger rooms?,0.0,0.0,0.0,0.0,0.0,1
another place that serves croquetas?,0.0,0.0,0.0,0.0,0.0,1
another place that serves it?,0.0,0.0,0.0,0.0,0.0,1
another place with better decor?,0.0,0.0,0.0,0.0,0.0,2
another place with better prices?,0.0,0.0,0.0,0.0,0.0,3
another place with better ratings?,0.0,0.0,0.0,0.0,0.0,17
another place with better reviews?,0.0,0.0,0.0,0.0,0.0,7
another place with better value?,0.0,0.0,0.0,0.0,0.0,1
another place with better views?,0.0,0.0,0.0,0.0,0.0,2
another place with generous portions?,0.0,0.0,0.0,0.0,0.0,1
another place with higher ratings?,0.0,0.0,0.0,0.0,0.0,2
another place with large portions?,0.0,0.0,0.0,0.0,0.0,1
another place with lower prices?,0.0,0.0,0.0,0.0,0.0,5
another place with more options?,0.0,0.0,0.0,0.0,0.0,1
another restaurant option for you?,0.0,0.0,0.0,0.0,0.0,1
another restaurant with better decor?,0.0,0.0,0.0,0.0,0.0,1
another restaurant with lower prices?,0.0,0.0,0.0,0.0,0.0,1
answer anything else about kohinoor?,0.0,0.0,0.0,0.0,0.0,1
answer anything else for you?,0.0,0.0,0.0,0.0,0.0,15
answer for you about nandos?,0.0,0.0,0.0,0.0,0.0,1
any additional information before booking?,0.0,0.0,0.0,0.0,0.0,1
any additional questions for you?,0.0,0.0,0.0,0.0,0.0,2
any changes to your reservation?,0.0,0.0,0.0,0.0,0.0,1
any further information about them?,0.0,0.0,0.0,0.0,0.0,1
any further questions about ask?,0.0,0.0,0.0,0.0,0.0,1
any more information about it?,0.0,0.0,0.0,0.0,0.0,3
any more information about them?,0.0,0.0,0.0,0.0,0.0,1
any more information for you?,0.0,0.0033898305084745766,0.0,0.0,0.0,6
any more questions about nandos?,0.0,0.0,0.0,0.0,0.0,1
any more questions about wagamama?,0.0,0.0,0.0,0.0,0.0,1
any more questions for me?,0.0,0.0,0.0,0.0,0.0,1
any more questions for you?,0.0,0.0,0.0,0.0,0.0,2
any of the restaurants mentioned?,0.0,0.0,0.0,0.0,0.0,1
any of the three restaurants?,0.0,0.0,0.0,0.0,0.0,1
any of them a try?,0.0,0.0,0.0,0.0,0.0,1
any other assistance to you?,0.0,0.0,0.0,0.0,0.0,1
any other info from me?,0.0,0.0,0.0,0.0,0.0,1
any other information about hakka?,0.0,0.0,0.0,0.0,0.0,1
any other information about them?,0.0,0.0,0.0,0.0,0.0,1
any other information for you?,0.0,0.0,0.0,0.0,0.0,3
any other information from me?,0.0,0.0,0.0,0.0,0.0,6
any other information you need?,0.0,0.0,0.0,0.0,0.0,4
any other questions about dojo?,0.0,0.0,0.0,0.0,0.0,1
any other questions about eraina?,0.0,0.0,0.0,0.0,0.0,1
any other questions about gonville?,0.0,0.0,0.0,0.0,0.0,1
any other questions about meghna?,0.0,0.0,0.0,0.0,0.0,1
any other questions about them?,0.0,0.0,0.0,0.0,0.0,2
any other questions about wagamama?,0.0,0.0,0.0,0.0,0.0,1
any other questions for me?,0.0,0.0,0.0,0.0,0.0,4
any other questions for you?,0.0,0.0,0.0,0.0,0.0,17
anything else about cafe uno?,0.0,0.0,0.0,0.0,0.0,1
anything else about curry prince?,0.0,0.0,0.0,0.0,0.0,1
anything else about darry's cookhouse?,0.0,0.0,0.0,0.0,0.0,1
anything else about el shaddai?,0.0,0.0,0.0,0.0,0.0,1
anything else about el sheddai?,0.0,0.0,0.0,0.0,0.0,1
anything else about india house?,0.0,0.0,0.0,0.0,0.0,1
anything else about the acorn?,0.0,0.0,0.0,0.0,0.0,1
anything else about the avalon?,0.0,0.0,0.0,0.0,0.0,1
anything else about the establishment?,0.0,0.0,0.0,0.0,0.0,1
anything else about the guesthouse?,0.0,0.0,0.0,0.0,0.0,1
anything else about the hotel?,0.0,0.005453252623452255,0.0,0.0,0.0,9
anything else about the place?,0.0,0.0,0.0,0.0,0.0,1
anything else about the restaurant?,0.0,0.0,0.0,0.0,0.0,6
anything else about the stazione?,0.0,0.0,0.0,0.0,0.0,1
anything else about the warkworth?,0.0,0.0,0.0,0.0,0.0,1
anything else for you today?,0.0,0.0,0.0,0.0,0.0,6
anything else that you need?,0.0,0.0,0.0,0.0,0.0,3
anything else today?,0.0,0.0,0.0,0.0,0.0,1
anything else?,0.0,0.0,0.0,0.0,0.0,2
are you good to go?,0.0,0.0,0.0,0.0,0.0,1
are you interested?,0.0,0.0,0.0,0.0,0.0,2
are you still interested?,0.0,0.0,0.0,0.0,0.0,6
assist you with anything else?,0.0,0.004455445544554455,0.0,0.0,0.0,4
assist you with something else?,0.0,0.0,0.0,0.0,0.0,1
assistance in booking a room?,0.0,0.0,0.0,0.0,0.0,1
assistance with booking a table?,0.0,0.0,0.0,0.0,0.0,1
at a different dining option?,0.0,0.0,0.0,0.0,0.0,1
at another italian restaurant instead?,0.0,0.02033898305084746,0.0,0.0,0.0,1
at another location that does?,0.0,0.0,0.0,0.0,0.0,1
at autumn house for you?,0.0,0.0,0.0,0.0,0.0,1
at efes restaurant for you?,0.0,0.0,0.0,0.0,0.0,1
at hobsons house for you?,0.0,0.018658892128279887,0.0,0.0,0.0,1
at one of the establishments?,0.0,0.0,0.0,0.0,0.0,1
at pizza hut city centre?,0.0,0.0,0.0,0.0,0.0,1
at rosa's bed and breakfast?,0.0,0.018062088428974606,0.0,0.0,0.0,1
at some other nearby options?,0.0,0.0,0.0,0.0,0.0,1
at the chiquito restaurant bar?,0.0,0.0,0.0,0.0,0.0,1
at the restaurant for you?,0.0,0.0,0.0,0.0,0.0,2
availability at your desired time?,0.0,0.0,0.0,0.0,0.0,1
availability for your desired date?,0.0,0.0,0.0,0.0,0.0,1
availability for your preferred days?,0.0,0.0,0.0,0.0,0.0,1
availability for your travel dates?,0.0,0.0,0.0,0.0,0.0,3
availability of a large room?,0.0,0.0,0.0,0.0,0.0,5
availability of the larger rooms?,0.0,0.0,0.0,0.0,0.0,1
availability on your preferred nights?,0.0,0.0,0.0,0.0,0.0,1
be a deal-breaker for you?,0.0,0.0,0.0,0.0,0.0,1
be anything else you need?,0.0,0.0,0.0,0.0,0.0,1
be interested in a reservation?,0.0,0.0,0.0,0.0,0.0,2
be of further assistance today?,0.0,0.0,0.0,0.0,0.0,1
bed and breakfast for you?,0.0,0.02033898305084746,0.0,0.0,0.0,1
before booking it for you?,0.0,0.0,0.0,0.0,0.0,1
better decorated option for you?,0.0,0.0,0.0,0.0,0.0,1
better ratings for bed comfort?,0.0,0.0,0.0,0.0,0.0,1
better ratings on the view?,0.0,0.0,0.0,0.0,0.0,1
better ratings on their wifi?,0.0,0.0,0.0,0.0,0.0,1
better reviews on bed comfort?,0.0,0.0,0.0,0.0,0.0,1
better reviews on their decor?,0.0,0.0,0.0,0.0,0.0,1
better view than yu garden?,0.0,0.0,0.0,0.0,0.0,1
book a reservation at allenbell?,0.0,0.0,0.0,0.0,0.0,1
book a reservation for dinner?,0.0,0.0,0.0,0.0,0.0,1
book a reservation for you?,0.0,0.002882882882882883,0.0,0.0,0.0,9
book a room for you?,0.0,0.002263271005606813,0.0,0.0,0.0,54
book a room somewhere else?,0.0,0.0,0.0,0.0,0.0,2
book a room there anyway?,0.0,0.0,0.0,0.0,0.0,1
book a room there tonight?,0.0,0.0,0.0,0.0,0.0,3
book a stay for you?,0.0,0.0,0.0,0.0,0.0,2
book a table at kohinoor?,0.0,0.0,0.0,0.0,0.0,1
book a table at wagamama?,0.0,0.019631901840490802,0.0,0.0,0.0,1
book a table for you?,0.0,0.0012701470105294618,0.0,0.0,0.0,57
book it for your stay?,0.0,0.0,0.0,0.0,0.0,1
book the huntington marriott hotel?,0.0,0.0,0.0,0.0,0.0,1
book the reservation at rajmahal?,0.0,0.0,0.0,0.0,0.0,1
book the room for you?,0.0,0.0,0.0,0.0,0.0,3
book worth house for you?,0.0,0.0,0.0,0.0,0.0,1
book you a reservation there?,0.0,0.0,0.0,0.0,0.0,1
book you a room there?,0.0,0.0,0.0,0.0,0.0,4
book you a room today?,0.0,0.022351571594877773,0.0,0.0,0.0,1
book you a table now?,0.0,0.0,0.0,0.0,0.0,1
booking a room at finches?,0.0,0.0,0.0,0.0,0.0,1
booking a table at cotto?,0.0,0.0,0.0,0.0,0.0,1
booking rooms for your party?,0.0,0.0,0.0,0.0,0.0,1
british restaurant with outdoor dining?,0.0,0.0,0.0,0.0,0.0,1
can answer about the restaurant?,0.0,0.0,0.0,0.0,0.0,1
can answer for you ?,0.0,0.0,0.0,0.0,0.0,1
can answer for you today?,0.0,0.0,0.0,0.0,0.0,5
can book you a room?,0.0,0.0,0.0,0.0,0.0,1
can do for you today?,0.0,0.0,0.0,0.0,0.0,4
can do to assist you?,0.0,0.0,0.0,0.0,0.0,1
can find out for you?,0.0,0.0,0.0,0.0,0.0,3
can help you with today?,0.0,0.000919246256564017,0.0,0.0,0.0,43
can i answer additional questions?,0.0,0.0,0.0,0.0,0.0,1
can i answer another question?,0.0,0.0,0.0,0.0,0.0,1
can i answer anything else?,0.0,0.001140142517814727,0.0,0.0,0.0,20
can i book it?,0.0,0.0,0.0,0.0,0.0,2
can i do for you?,0.0,0.0,0.0,0.0,0.0,1
can i help you with?,0.0,0.0,0.0,0.0,0.0,2
can inquire directly with them?,0.0,0.0,0.0,0.0,0.0,1
can tell you about them?,0.0,0.0,0.0,0.0,0.0,7
can we book?,0.0,0.0,0.0,0.0,0.0,1
care to book a room?,0.0,0.0,0.0,0.0,0.0,1
care to make a reservation?,0.0,0.0,0.0,0.0,0.0,1
chance and make a reservation?,0.0,0.0,0.0,0.0,0.0,1
check for some larger rooms?,0.0,0.0,0.0,0.0,0.0,1
check into some other places?,0.0,0.0,0.0,0.0,0.0,1
check on availability for you?,0.0,0.0,0.0,0.0,0.0,10
check on some other places?,0.0,0.011881188118811883,0.0,0.0,0.0,2
check out a different place?,0.0,0.0,0.0,0.0,0.0,10
check out some other places?,0.0,0.000808421052631579,0.0,0.0,0.0,19
check out the warkworth house?,0.0,0.0,0.0,0.0,0.0,1
check rosa's bed and breakfast?,0.0,0.0,0.0,0.0,0.0,1
choose another hotel for you?,0.0,0.0,0.0,0.0,0.0,1
choose another option for you?,0.0,0.0,0.0,0.0,0.0,1
choose between the two restaurants?,0.0,0.0,0.0,0.0,0.0,1
comparable restaurant with better ratings?,0.0,0.0,0.0,0.0,0.0,1
confusing huh?,0.0,0.010786516853932584,0.0,0.0,0.0,1
continue looking at other options?,0.0,0.0,0.0,0.0,0.0,1
continue on with a booking?,0.0,0.0,0.0,0.0,0.0,1
continue to book the room?,0.0,0.0,0.0,0.0,0.0,1
cow pizza kitchen and bar?,0.0,0.0,0.0,0.0,0.0,1
days will you be travelling?,0.0,0.0,0.0,0.0,0.0,1
days would you be staying?,0.0,0.025363276089828274,0.0,0.0,0.0,1
described as a little quieter?,0.0,0.0,0.0,0.0,0.0,1
different indian option for you?,0.0,0.0,0.0,0.0,0.0,1
directly about their wifi policies?,0.0,0.0,0.0,0.0,0.0,1
do anything else for you?,0.0,0.0,0.0,0.0,0.0,1
do you have additional questions?,0.0,0.01369269648145819,0.0,0.0,0.0,3
do you have another question?,0.0,0.0,0.0,0.0,0.0,2
do you have anymore questions?,0.0,0.0,0.0,0.0,0.0,1
do you have further questions?,0.0,0.0,0.0,0.0,0.0,2
do you have futher questions?,0.0,0.0,0.0,0.0,0.0,1
do you have more questions?,0.0,0.0,0.0,0.0,0.0,6
do you have other questions?,0.0,0.0,0.0,0.0,0.0,4
do you need a reservation?,0.0,0.0,0.0,0.0,0.0,2
do you need anymore information?,0.0,0.011175785797438886,0.0,0.0,0.0,2
do you need anything else?,0.0,0.0008328513591671486,0.0,0.0,0.0,19
do you need more information?,0.0,0.0015841584158415845,0.0,0.0,0.0,15
do you need more specifics?,0.0,0.0,0.0,0.0,0.0,1
do you want a booking?,0.0,0.0,0.0,0.0,0.0,2
do you want a reservation?,5.4695452801351485e-12,0.002195717554343133,0.0017825311942958999,0.0,0.0017825311942958999,51
do you want a room?,0.0,0.0,0.0,0.0,0.0,1
do you want anymore information?,0.0,0.0,0.0,0.0,0.0,1
do you want more options?,0.0,0.0,0.0,0.0,0.0,1
do you want the reservation?,0.0,0.0,0.0,0.0,0.0,1
does it sound to you?,0.0,0.0,0.0,0.0,0.0,2
does that sound good?,0.0,0.0,0.0,0.0,0.0,3
does that sound ok?,0.0,0.0,0.0,0.0,0.0,2
does that sound to you?,0.0,0.0,0.0,0.0,0.0,8
does that work for you?,0.0,0.0,0.0,0.0,0.0,3
else about either of them?,0.0,0.0,0.0,0.0,0.0,1
else about graffiti for you?,0.0,0.0,0.0,0.0,0.0,1
else about home from home?,0.0,0.0,0.0,0.0,0.0,1
else about the golden wok?,0.0,0.0,0.0,0.0,0.0,1
else about the huntingdon marriott?,0.0,0.0,0.0,0.0,0.0,1
else about the kirkwood house?,0.0,0.0,0.0,0.0,0.0,1
else about the worth house?,0.0,0.0,0.0,0.0,0.0,1
else before booking for you?,0.0,0.0,0.0,0.0,0.0,1
else before making a reservation?,0.0,0.0,0.0,0.0,0.0,1
else for your trip today?,0.0,0.023272727272727278,0.0,0.0,0.0,1
else i can help with?,0.0,0.005439093484419266,0.0,0.0,0.0,5
else like book a room?,0.0,0.021500559910414344,0.0,0.0,0.0,1
else may i help you?,0.0,0.0,0.0,0.0,0.0,1
else or is that all?,0.0,0.0,0.0,0.0,0.0,1
else or is that ok?,0.0,0.0,0.0,0.0,0.0,1
else or make a booking?,0.0,0.0,0.0,0.0,0.0,1
else or make a reservation?,0.0,0.0,0.0,0.0,0.0,1
else to help you decide?,0.0,0.0,0.0,0.0,0.0,1
else to make a reservation?,0.0,0.0,0.0,0.0,0.0,1
else you about the hotel?,0.0,0.0,0.0,0.0,0.0,1
else you need help with?,0.0,0.0,0.0,0.0,0.0,1
else you need to know?,0.0,0.003281292697600546,0.0,0.0,0.0,41
else you want assistance with?,0.0,0.0,0.0,0.0,0.0,1
else you want to know?,0.0,0.0,0.0,0.0,0.0,1
else you'd like to ask?,0.0,0.0,0.0,0.0,0.0,1
else you'd like to know?,0.0,0.0,0.0,0.0,0.0,36
"else, or answer other questions?",0.0,0.0,0.0,0.0,0.0,1
elsewhere for a different place?,0.0,0.0,0.0,0.0,0.0,1
elsewhere or is that okay?,0.0,0.0,0.0,0.0,0.0,1
"elsewhere, what do you think?",0.0,0.0,0.0,0.0,0.0,1
express by holiday inn cambridge?,0.0,0.0,0.0,0.0,0.0,1
finalize that reservation for you?,0.0,0.0,0.0,0.0,0.0,1
find a less expensive place?,0.0,0.0,0.0,0.0,0.0,1
find a more affordable restaurant?,0.0,0.0,0.0,0.0,0.0,1
find a more quiet establishment?,0.0,0.0,0.0,0.0,0.0,1
find a more quiet hotel?,0.0,0.0,0.0,0.0,0.0,1
find a more quiet place?,0.0,0.0,0.0,0.0,0.0,2
find a more suitable place?,0.0,0.0,0.0,0.0,0.0,1
find a place that does?,0.0,0.0,0.0,0.0,0.0,4
find a time that works?,0.0,0.0,0.0,0.0,0.0,1
find a time that's available?,0.0,0.0,0.0,0.0,0.0,1
find another hotel for you?,0.0,0.0,0.0,0.0,0.0,1
find another option for you?,0.0,0.0,0.0,0.0,0.0,8
find another place for you?,0.0,0.0016666666666666663,0.0,0.0,0.0,8
find another place that does?,0.0,0.0,0.0,0.0,0.0,1
find another place to stay?,0.0,0.0,0.0,0.0,0.0,1
find another restaurant for you?,0.0,0.0,0.0,0.0,0.0,4
"find another, less expensive restaurant?",0.0,0.0,0.0,0.0,0.0,1
"find another, more quiet place?",0.0,0.0,0.0,0.0,0.0,2
"find another, more reasonable, place?",0.0,0.0,0.0,0.0,0.0,1
find out more about it?,0.0,0.0,0.0,0.0,0.0,1
find out more about them?,0.0,0.0,0.0,0.0,0.0,4
find out more about this?,0.0,0.0,0.0,0.0,0.0,1
find out more for you?,0.0,0.0,0.0,0.0,0.0,1
find restaurants with higher ratings?,0.0,0.011842105263157895,0.0,0.0,0.0,1
for a better hotel option?,0.0,0.0,0.0,0.0,0.0,1
for a different restaurant option?,0.0,0.0,0.0,0.0,0.0,1
for a more affordable option?,0.0,0.0,0.0,0.0,0.0,1
for a reservation for you?,0.0,0.0,0.0,0.0,0.0,1
for an outdoor option elsewhere?,0.0,0.0,0.0,0.0,0.0,1
for another day or time?,0.0,0.0,0.0,0.0,0.0,1
for another hotel for you?,0.0,0.0,0.0,0.0,0.0,1
for another option for you?,0.0,0.0,0.0,0.0,0.0,11
for another place for you?,0.0,0.0,0.0,0.0,0.0,1
for another spot for you?,0.0,0.0,0.0,0.0,0.0,1
for me to book it?,0.0,0.023272727272727278,0.0,0.0,0.0,1
for places with outdoor seating?,0.0,0.0,0.0,0.0,0.0,1
for something better for you?,0.0,0.0,0.0,0.0,0.0,1
for something else fo you?,0.0,0.0,0.0,0.0,0.0,1
for something with better internet?,0.0,0.0,0.0,0.0,0.0,1
for somewhere else for you?,0.0,0.0,0.0,0.0,0.0,1
for the outdoor dining area?,0.0,0.0,0.0,0.0,0.0,1
for you about archway house?,0.0,0.0,0.0,0.0,0.0,1
for you about autumn house?,0.0,0.0,0.0,0.0,0.0,1
for you about bankok city?,0.0,0.0,0.0,0.0,0.0,1
for you about el shaddai?,0.0,0.0,0.0,0.0,0.0,1
for you about fitzbillies restaurant?,0.0,0.0,0.0,0.0,0.0,1
for you about golden house?,0.0,0.0,0.0,0.0,0.0,1
for you about hobsons house?,0.0,0.0,0.0,0.0,0.0,1
for you about meze bar?,0.0,0.0,0.0,0.0,0.0,1
for you about restaurant alimentum?,0.0,0.0,0.0,0.0,0.0,1
for you about the gandhi?,0.0,0.0,0.0,0.0,0.0,2
for you about the hotel?,0.0,0.00898911744354281,0.0,0.0,0.0,6
for you about the restaurant?,0.0,0.004324324324324324,0.0,0.0,0.0,6
for you about this location?,0.0,0.0,0.0,0.0,0.0,2
for you about this restaurant?,0.0,0.0,0.0,0.0,0.0,1
for you at ashley hotel?,0.0,0.0,0.0,0.0,0.0,1
for you at cambridge belfry?,0.0,0.0,0.0,0.0,0.0,1
for you at curry prince?,0.0,0.0,0.0,0.0,0.0,1
for you at darrys cookhouse?,0.0,0.0,0.0,0.0,0.0,1
for you at hk fusion?,0.0,0.0,0.0,0.0,0.0,1
for you at royal standard?,0.0,0.0,0.0,0.0,0.0,2
for you at this time?,0.0,0.0,0.0,0.0,0.0,4
for you at travellers rest?,0.0,0.0,0.0,0.0,0.0,1
for you to stay instead?,0.0,0.0,0.0,0.0,0.0,1
further assistance to you today?,0.0,0.0,0.0,0.0,0.0,1
further information about that option?,0.0,0.0,0.0,0.0,0.0,1
further questions about the property?,0.0,0.0,0.0,0.0,0.0,1
further questions about the restaurant?,0.0,0.0,0.0,0.0,0.0,1
"fusion, or book a table?",0.0,0.0,0.0,0.0,0.0,1
garden or any other facility?,0.0,0.0,0.0,0.0,0.0,1
get more information about it?,0.0,0.0,0.0,0.0,0.0,1
get more information about them?,0.0,0.0,0.0,0.0,0.0,2
get you any more information?,0.0,0.0,0.0,0.0,0.0,1
give the hotel a try?,0.0,0.0,0.0,0.0,0.0,1
give this one a shot?,0.0,0.0,0.0,0.0,0.0,1
give you more information first?,0.0,0.0,0.0,0.0,0.0,1
go ahead and book it?,0.0,0.0,0.0,0.0,0.0,4
go ahead with the booking?,0.0,0.011401425178147271,0.0,0.0,0.0,2
go ahead with your reservation?,0.0,0.0,0.0,0.0,0.0,1
going to be a problem?,0.0,0.0,0.0,0.0,0.0,6
going to be an issue?,0.0,0.0,0.0,0.0,0.0,1
good luck chinese food takeaway?,0.0,0.0,0.0,0.0,0.0,1
gourmet burger kitchen a try?,0.0,0.0,0.0,0.0,0.0,1
great view from your table?,0.0,0.0,0.0,0.0,0.0,1
guests want to look elsewhere?,0.0,0.0,0.0,0.0,0.0,1
has no alcohol at all?,0.0,0.0,0.0,0.0,0.0,1
have a large room available?,0.0,0.0,0.0,0.0,0.0,2
have a larger room available?,0.0,0.0,0.0,0.0,0.0,3
have any more questions today?,0.0,0.0,0.0,0.0,0.0,1
have me find another restaurant?,0.0,0.0,0.0,0.0,0.0,1
have you made a decision?,0.0,0.0,0.0,0.0,0.0,1
hear about a different option?,0.0,0.0,0.0,0.0,0.0,1
hear about some other options?,0.0,0.0,0.0,0.0,0.0,1
help in booking a room?,0.0,0.0,0.0,0.0,0.0,1
help in booking a table?,0.0,0.0,0.0,0.0,0.0,3
help in making a reservation?,0.0,0.0,0.0,0.0,0.0,1
help narrow down your choice?,0.0,0.0,0.0,0.0,0.0,1
help with any other information?,0.0,0.0,0.0,0.0,0.0,1
help with anything else today?,0.0,0.024273072060682688,0.0,0.0,0.0,1
help with booking a table?,0.0,0.0,0.0,0.0,0.0,4
help you book a table?,0.0,0.0,0.0,0.0,0.0,1
help you choose between them?,0.0,0.0,0.0,0.0,0.0,1
help you find another option?,0.0,0.0,0.0,0.0,0.0,1
help you make a booking?,0.0,0.0,0.0,0.0,0.0,1
help you make a reservation?,0.0,0.0,0.0,0.0,0.0,3
help you with anymore information?,0.0,0.0,0.0,0.0,0.0,1
help you with anything else?,0.0,0.0018819560516444656,0.0,0.0,0.0,104
help you with everything else?,0.0,0.0,0.0,0.0,0.0,1
help you with something else?,0.0,0.0,0.0,0.0,0.0,2
higher rating for indoor decor?,0.0,0.0057599999999999995,0.0,0.0,0.0,2
hotel booking at this time?,0.0,0.0,0.0,0.0,0.0,1
hotel to ask them directly?,0.0,0.0,0.0,0.0,0.0,1
hotel's availability for your stay?,0.0,0.0,0.0,0.0,0.0,1
i answer any other questions?,0.0,0.0,0.0,0.0,0.0,6
i answer any other questions??,0.0,0.0,0.0,0.0,0.0,1
i answer anything for you?,0.0,0.0,0.0,0.0,0.0,1
i be of further assistance?,0.0,0.0,0.0,0.0,0.0,2
i book it for you?,0.0,0.0026588880866438417,0.0,0.0,0.0,24
i book that for you?,0.0,0.0,0.0,0.0,0.0,1
i book the gonville hotel?,0.0,0.020711974110032366,0.0,0.0,0.0,1
i book this for you?,0.0,0.0,0.0,0.0,0.0,3
i book you a room?,0.0,0.0,0.0,0.0,0.0,4
i book you a table?,0.0,0.006826037126278078,0.0,0.0,0.0,6
i book you any rooms?,0.0,0.0,0.0,0.0,0.0,1
i can answer for you?,0.0,0.0,0.0,0.0,0.0,11
i can assist you with?,0.0,0.0,0.0,0.0,0.0,3
i can do for you?,0.0,0.0013257837315287944,0.0,0.0,0.0,13
i can find for you?,0.0,0.00907671973876251,0.0,0.0,0.0,15
i can help with today?,0.0,0.0,0.0,0.0,0.0,2
i can help you find?,0.0,0.0,0.0,0.0,0.0,1
i can help you with?,0.0,0.0008144215937239468,0.0,0.0,0.0,168
i can help you with??,0.0,0.0,0.0,0.0,0.0,1
i can provide you today?,0.0,0.0,0.0,0.0,0.0,1
i check availability for you?,0.0,0.0,0.0,0.0,0.0,1
i choose another one instead?,0.0,0.0,0.0,0.0,0.0,1
i continue with the booking?,0.0,0.0,0.0,0.0,0.0,1
i could help you with?,0.0,0.0,0.0,0.0,0.0,1
i find an alternative location?,0.0,0.0,0.0,0.0,0.0,1
i find out for you?,0.0,0.0,0.0,0.0,0.0,2
i find you something else?,0.0,0.02033898305084746,0.0,0.0,0.0,1
i help answer anything else?,0.0,0.0,0.0,0.0,0.0,1
i help with another location?,0.0,0.0,0.0,0.0,0.0,1
i help with anything else?,0.0,0.0038787878787878796,0.0,0.0,0.0,6
i look at other options?,0.0,0.0,0.0,0.0,0.0,1
i look for another hotel?,0.0,0.0,0.0,0.0,0.0,1
i look for another option?,0.0,0.005015673981191223,0.0,0.0,0.0,6
i look for another place?,0.0,0.0,0.0,0.0,0.0,12
i look for more reviews?,0.0,0.0,0.0,0.0,0.0,1
i look for other places?,0.0,0.0014672168729940396,0.0,0.0,0.0,9
i look for something better?,0.0,0.0,0.0,0.0,0.0,1
i look for something else?,0.0,0.010963032876323029,0.0,0.0,0.0,4
i make a reservation ?,0.0,0.0,0.0,0.0,0.0,1
i make the reservation now?,0.0,0.0,0.0,0.0,0.0,1
i may help you with?,0.0,0.0,0.0,0.0,0.0,1
i reserve a table ?,0.0,0.0,0.0,0.0,0.0,1
i search for another location?,0.0,0.0,0.0,0.0,0.0,1
i search for another option?,0.0,0.0,0.0,0.0,0.0,4
i search for something better?,0.0,0.0,0.0,0.0,0.0,1
i search for something else?,0.0,0.007757575757575759,0.0,0.0,0.0,3
i search for something quieter?,0.0,0.0,0.0,0.0,0.0,2
i suggest some place else?,0.0,0.0,0.0,0.0,0.0,1
i tell you about them?,0.0,0.0,0.0,0.0,0.0,3
i try to book it?,0.0,0.0,0.0,0.0,0.0,1
if that's acceptable for you?,0.0,0.0,0.0,0.0,0.0,1
in booking a room there?,0.0,0.0,0.0,0.0,0.0,2
in booking a table there?,0.0,0.0,0.0,0.0,0.0,1
in knowing any other information?,0.0,0.025363276089828274,0.0,0.0,0.0,1
in making a reservation there?,0.0,0.009288824383164007,0.0,0.0,0.0,3
in the east for wi-fi?,0.0,0.0,0.0,0.0,0.0,1
in the gourmet burger kitchen?,0.0,0.0,0.0,0.0,0.0,1
in the same general area?,0.0,0.0,0.0,0.0,0.0,1
in the the copper kettle?,0.0,0.0,0.0,0.0,0.0,1
indian options in the west?,0.0,0.0,0.0,0.0,0.0,1
indoor decor important for you?,0.0,0.0,0.0,0.0,0.0,1
info on the food portions?,0.0,0.0,0.0,0.0,0.0,1
info or to keep searching?,0.0,0.0,0.0,0.0,0.0,1
information about either of them?,0.0,0.0,0.0,0.0,0.0,1
information about restaurant two two?,0.0,0.0,0.0,0.0,0.0,1
information about the curry prince?,0.0,0.0,0.0,0.0,0.0,1
information about the lucky star?,0.0,0.0,0.0,0.0,0.0,1
information about the portion sizes?,0.0,0.0,0.0,0.0,0.0,1
information about those two restaurants?,0.0,0.0,0.0,0.0,0.0,1
information before making a booking?,0.0,0.0,0.0,0.0,0.0,1
information on any thing else?,0.0,0.0,0.0,0.0,0.0,1
information on arbury lodge guesthouse?,0.0,0.0,0.0,0.0,0.0,1
information on ian hong house?,0.0,0.0,0.0,0.0,0.0,1
information on nando's food portions?,0.0,0.0,0.0,0.0,0.0,1
information on the second one?,0.0,0.023762376237623766,0.0,0.0,0.0,1
information or make a reservation?,0.0,0.0,0.0,0.0,0.0,1
information you need to know?,0.0,0.0,0.0,0.0,0.0,1
instead that might be quieter?,0.0,0.0,0.0,0.0,0.0,1
interested in a table there?,0.0,0.0,0.0,0.0,0.0,1
interested in booking a room?,0.0,0.0031007751937984504,0.0,0.0,0.0,8
interested in booking a stay?,0.0,0.0,0.0,0.0,0.0,1
interested in booking a table?,0.0,0.0,0.0,0.0,0.0,7
interested in changing your reservation?,0.0,0.0,0.0,0.0,0.0,1
interested in exploring other options?,0.0,0.0225705329153605,0.0,0.0,0.0,1
interested in knowing anything else?,0.0,0.0,0.0,0.0,0.0,1
interested in making a reservation?,0.0,0.004314779146842052,0.0,0.0,0.0,14
interested in reserving a table?,0.0,0.0,0.0,0.0,0.0,1
interesting in making a reservation?,0.0,0.0,0.0,0.0,0.0,1
into another location for you?,0.0,0.0,0.0,0.0,0.0,1
into it a bit further?,0.0,0.0,0.0,0.0,0.0,1
into this for better information?,0.0,0.0,0.0,0.0,0.0,1
is a large room available?,0.0,0.0,0.0,0.0,0.0,2
is a larger room available?,0.0,0.0,0.0,0.0,0.0,1
is known for big portions?,0.0,0.0,0.0,0.0,0.0,1
is that a deal-breaker?,0.0,0.0,0.0,0.0,0.0,1
is that all you need?,0.0,0.0,0.0,0.0,0.0,1
is that enough?,0.0,0.0,0.0,0.0,0.0,1
is that ok with you?,0.0,0.0,0.0,0.0,0.0,1
is that okay with you?,0.0,0.0,0.0,0.0,0.0,2
is that okay?,0.0,0.0,0.0,0.0,0.0,3
is that within your budget?,0.0,0.0,0.0,0.0,0.0,1
is there anything else?,0.0,0.0,0.0,0.0,0.0,2
is this helpful?,0.0,0.0,0.0,0.0,0.0,1
it before making a reservation?,0.0,0.0,0.0,0.0,0.0,1
it will work for you?,0.0,0.0,0.0,0.0,0.0,1
it would work for you?,0.0,0.0,0.0,0.0,0.0,1
keep your reservation at eraina?,0.0,0.0,0.0,0.0,0.0,1
know about the alexander b&b?,0.0,0.0,0.0,0.0,0.0,1
know about the archway house?,0.0,0.0,0.0,0.0,0.0,1
know about the bedouin restaurant?,0.0,0.0,0.0,0.0,0.0,1
know about the guest house?,0.0,0.0,0.0,0.0,0.0,2
know anything else about it?,0.0,0.0,0.0,0.0,0.0,10
know anything else about them?,0.0,0.0,0.0,0.0,0.0,41
know more about ali baba?,0.0,0.0,0.0,0.0,0.0,1
know more about city centre?,0.0,0.0,0.0,0.0,0.0,1
know more about curry garden?,0.0,0.0,0.0,0.0,0.0,1
know more about curry prince?,0.0,0.0,0.0,0.0,0.0,2
know more about either place?,0.0,0.0,0.0,0.0,0.0,3
know more about either restaurant?,0.0,0.0,0.0,0.0,0.0,1
know more about kirkwood house?,0.0,0.0,0.0,0.0,0.0,1
know more about midsummer house?,0.0,0.0,0.0,0.0,0.0,1
know more about pizza express?,0.0,0.0,0.0,0.0,0.0,1
know more about pizza hut?,0.0,0.0,0.0,0.0,0.0,1
know more about restaurant alimentum?,0.0,0.0,0.0,0.0,0.0,1
know more about saffron brasserie?,0.0,0.0,0.0,0.0,0.0,1
know more about the acorn?,0.0,0.01327800829875519,0.0,0.0,0.0,2
know more about the allenbell?,0.0,0.0,0.0,0.0,0.0,1
know more about the archway?,0.0,0.0,0.0,0.0,0.0,2
know more about the avalon?,0.0,0.0,0.0,0.0,0.0,1
know more about the express?,0.0,0.0,0.0,0.0,0.0,1
know more about the galleria?,0.0,0.0,0.0,0.0,0.0,1
know more about the gandhi?,0.0,0.0,0.0,0.0,0.0,1
know more about the ghandi?,0.0,0.0,0.0,0.0,0.0,1
know more about the gonville?,0.0,0.0,0.0,0.0,0.0,1
know more about the goodluck?,0.0,0.0,0.0,0.0,0.0,1
know more about the hotel?,0.0,0.0,0.0,0.0,0.0,1
know more about the menu?,0.0,0.0,0.0,0.0,0.0,2
know more about the niral?,0.0,0.0,0.0,0.0,0.0,1
know more about the nirala?,0.0,0.027866473149492022,0.0,0.0,0.0,1
know more about the place?,0.0,0.0017151401735268576,0.0,0.0,0.0,15
know more about the restaurant?,0.0,0.0,0.0,0.0,0.0,4
know more about their menu?,0.0,0.0,0.0,0.0,0.0,6
know more about this restaurant?,0.0,0.0,0.0,0.0,0.0,1
know more about yu garden?,0.0,0.0,0.0,0.0,0.0,1
know to help choose one?,0.0,0.0,0.0,0.0,0.0,1
larger rooms available right now?,0.0,0.0,0.0,0.0,0.0,1
leave from and go to?,0.0,0.0,0.0,0.0,0.0,1
like a little more information?,0.0,0.0,0.0,0.0,0.0,1
like a reservation there instead?,0.0,0.0,0.0,0.0,0.0,1
like a reservation with them?,0.0,0.0,0.0,0.0,0.0,1
like help booking a room?,0.0,0.0,0.0,0.0,0.0,1
like help booking a table?,0.0,0.0,0.0,0.0,0.0,2
like help in booking it?,0.0,0.0,0.0,0.0,0.0,3
like help making a reservation?,0.0,0.0,0.0,0.0,0.0,1
like help with a reservation?,0.0,0.0,0.0,0.0,0.0,1
like help with anything else?,0.0,0.022802850356294542,0.0,0.0,0.0,1
like help with booking it?,0.0,0.025945945945945948,0.0,0.0,0.0,1
like information about anything else?,0.0,0.0,0.0,0.0,0.0,1
like information on about it?,0.0,0.0,0.0,0.0,0.0,1
like information on anything else?,0.0,0.0,0.0,0.0,0.0,3
like me check on availability?,0.0,0.0,0.0,0.0,0.0,1
like me to book it?,0.0,0.0,0.0,0.0,0.0,7
like me to book you?,0.0,0.0,0.0,0.0,0.0,3
like me to check availability?,0.0,0.0,0.0,0.0,0.0,1
like me to do that?,0.0,0.0,0.0,0.0,0.0,1
like me to double check?,0.0,0.0,0.0,0.0,0.0,1
like me to look up?,0.0,0.0,0.0,0.0,0.0,1
like me to make reservations?,0.0,0.0,0.0,0.0,0.0,1
like more information about chiquito?,0.0,0.0,0.0,0.0,0.0,1
like more information about graffiti?,0.0,0.0,0.0,0.0,0.0,1
like more information about hakka?,0.0,0.0,0.0,0.0,0.0,1
like more information about it?,0.0,0.0,0.0,0.0,0.0,2
like more information about meghna?,0.0,0.0,0.0,0.0,0.0,1
like more information about nandos?,0.0,0.0,0.0,0.0,0.0,2
like more information about them?,0.0,0.0,0.0,0.0,0.0,10
like more information on it?,0.0,0.0,0.0,0.0,0.0,2
like more information on that?,0.0,0.0,0.0,0.0,0.0,1
like more information on them?,0.0,0.0,0.0,0.0,0.0,1
like the reservation to begin?,0.0,0.0210989010989011,0.0,0.0,0.0,1
like the reservation to start?,0.0,0.0,0.0,0.0,0.0,1
like to any other information?,0.0,0.0,0.0,0.0,0.0,1
like to ask about it?,0.0,0.0,0.0,0.0,0.0,1
like to book a reservation?,0.0,0.0,0.0,0.0,0.0,17
like to book a room?,0.0,0.0022523939661440572,0.0,0.0,0.0,67
like to book a table?,0.0,0.0009031543997802489,0.0,0.0,0.0,68
like to book that stay?,0.0,0.0,0.0,0.0,0.0,1
like to book the room?,0.0,0.0,0.0,0.0,0.0,1
like to book this hotel?,0.0,0.013597733711048164,0.0,0.0,0.0,2
like to book worth house?,0.0,0.0,0.0,0.0,0.0,1
like to change your reservation?,0.0,0.0,0.0,0.0,0.0,4
like to choose that one?,0.0,0.0,0.0,0.0,0.0,1
like to explore other options?,0.0,0.003859296482412061,0.0,0.0,0.0,5
like to find another hotel?,0.0,0.0,0.0,0.0,0.0,1
like to find another place?,0.0,0.0,0.0,0.0,0.0,1
like to find someplace else?,0.0,0.0,0.0,0.0,0.0,1
like to find somewhere else?,0.0,0.0,0.0,0.0,0.0,1
like to keep the booking?,0.0,0.0,0.0,0.0,0.0,1
like to keep your reservation?,0.0,0.0076971047723536044,0.0,0.0,0.0,6
like to know about bedouin?,0.0,0.0,0.0,0.0,0.0,1
like to know about cityroomz?,0.0,0.024806201550387603,0.0,0.0,0.0,1
like to know about cotto?,0.0,0.0,0.0,0.0,0.0,1
like to know about fitzbillies?,0.0,0.0,0.0,0.0,0.0,1
like to know about it?,0.0,0.0029629629629629637,0.0,0.0,0.0,6
like to know about them?,0.0,0.0002847789282198519,0.0,0.0,0.0,113
like to know about them??,0.0,0.0,0.0,0.0,0.0,1
like to know anything else?,0.0,0.0022202437236018254,0.0,0.0,0.0,67
like to know more information?,0.0,0.0,0.0,0.0,0.0,1
like to learn more about?,0.0,0.0,0.0,0.0,0.0,1
like to look at alternatives?,0.0,0.0,0.0,0.0,0.0,1
like to look somewhere else?,0.0,0.0049612403100775205,0.0,0.0,0.0,5
like to make a booking?,0.0,0.0010437051532941946,0.0,0.0,0.0,21
like to make a reservation?,0.0,0.001165943621911919,0.0,0.0,0.0,103
like to make reservations there?,0.0,0.0,0.0,0.0,0.0,1
like to onow anything else?,0.0,0.0,0.0,0.0,0.0,1
like to reserve a room?,0.0,0.005431309086722359,0.0,0.0,0.0,8
like to reserve a table?,0.0,0.0,0.0,0.0,0.0,3
like to rethink your reservation?,0.0,0.0,0.0,0.0,0.0,1
like to try another location?,0.0,0.0,0.0,0.0,0.0,1
like to try another option?,0.0,0.0,0.0,0.0,0.0,1
like to try another place?,0.0,0.0,0.0,0.0,0.0,2
like to try another restaurant?,0.0,0.0,0.0,0.0,0.0,2
like to try it out?,0.0,0.0,0.0,0.0,0.0,1
like to try something else?,0.0,0.0,0.0,0.0,0.0,3
like to try somewhere else?,0.0,0.0,0.0,0.0,0.0,1
like to try them out?,0.0,0.0,0.0,0.0,0.0,2
like to try this restaurant?,0.0,0.0,0.0,0.0,0.0,1
limehouse would meet your needs?,0.0,0.0,0.0,0.0,0.0,1
little more about their portions?,0.0,0.0,0.0,0.0,0.0,1
little seoul for you instead?,0.0,0.0,0.0,0.0,0.0,1
location and cancel your reservation?,0.0,0.0,0.0,0.0,0.0,1
location with a great view?,0.0,0.0,0.0,0.0,0.0,1
location with a seafood specialty?,0.0,0.0,0.0,0.0,0.0,1
look at another location instead?,0.0,0.0,0.0,0.0,0.0,1
look at another option instead?,0.0,0.024806201550387603,0.0,0.0,0.0,1
look at other dining options?,0.0,0.0,0.0,0.0,0.0,1
look at some other locations?,0.0,0.0,0.0,0.0,0.0,2
look at some other options?,0.0,0.0,0.0,0.0,0.0,6
look at some other places?,0.0,0.0,0.0,0.0,0.0,8
look at some other restaurants?,0.0,0.0,0.0,0.0,0.0,1
look at tandoori palace instead?,0.0,0.0,0.0,0.0,0.0,1
look elsewhere for a hotel?,0.0,0.0,0.0,0.0,0.0,1
look for a better option?,0.0,0.0,0.0,0.0,0.0,2
look for a different hotel?,0.0,0.0,0.0,0.0,0.0,1
look for a fancier option?,0.0,0.0,0.0,0.0,0.0,1
look for another dining option?,0.0,0.0,0.0,0.0,0.0,1
look for another similar place?,0.0,0.0,0.0,0.0,0.0,1
look for other hotel options?,0.0,0.0,0.0,0.0,0.0,1
look into some other places?,0.0,0.0,0.0,0.0,0.0,4
look into some other restaurants?,0.0,0.0,0.0,0.0,0.0,1
look into that for you?,0.0,0.0,0.0,0.0,0.0,1
looking for a better option?,0.0,0.0,0.0,0.0,0.0,1
looking for with your stay?,0.0,0.0,0.0,0.0,0.0,1
make a booking for you?,0.0,0.0,0.0,0.0,0.0,8
make a booking somewhere else?,0.0,0.0,0.0,0.0,0.0,1
make a reservation at eraina?,0.0,0.0,0.0,0.0,0.0,1
make a reservation for dinner?,0.0,0.0,0.0,0.0,0.0,1
make a reservation for you?,0.0,0.0021155517972945514,0.0,0.0,0.0,71
make a reservation somewhere else?,0.0,0.0,0.0,0.0,0.0,1
make a reservation there now?,0.0,0.011401425178147271,0.0,0.0,0.0,2
make a reservation there today?,0.0,0.0,0.0,0.0,0.0,2
make reservation at the restaurant?,0.0,0.0,0.0,0.0,0.0,1
make that reservation for you?,0.0,0.0,0.0,0.0,0.0,1
make you a reservation there?,0.0,0.0,0.0,0.0,0.0,4
making a reservation for dinner?,0.0,0.0,0.0,0.0,0.0,1
making a reservation for you?,0.0,0.0,0.0,0.0,0.0,1
making a reservation there today?,0.0,0.0,0.0,0.0,0.0,1
many people will be dining?,0.0,0.0,0.0,0.0,0.0,1
maybe it moved since then?,0.0,0.0,0.0,0.0,0.0,1
me check out other places?,0.0,0.0,0.0,0.0,0.0,4
me look for a place?,0.0,0.0,0.0,0.0,0.0,1
me look for another place?,0.0,0.0,0.0,0.0,0.0,18
me look into another place?,0.0,0.0,0.0,0.0,0.0,4
me to book a reservation?,0.0,0.0,0.0,0.0,0.0,5
me to book a room?,0.0,0.0,0.0,0.0,0.0,7
me to book a table?,0.0,0.0,0.0,0.0,0.0,3
me to book for you?,0.0,0.0,0.0,0.0,0.0,1
me to book it for?,0.0,0.0,0.0,0.0,0.0,1
me to book the hotel?,0.0,0.0,0.0,0.0,0.0,1
me to book the restaurant?,0.0,0.0,0.0,0.0,0.0,1
me to book the room?,0.0,0.0,0.0,0.0,0.0,1
me to book you there?,0.0,0.0,0.0,0.0,0.0,1
me to check another place?,0.0,0.0,0.0,0.0,0.0,1
me to check availability there?,0.0,0.019631901840490802,0.0,0.0,0.0,1
me to check on availability?,0.0,0.0,0.0,0.0,0.0,3
me to continue to look?,0.0,0.0,0.0,0.0,0.0,1
me to find additional information?,0.0,0.0,0.0,0.0,0.0,1
me to find an alternative?,0.0,0.0,0.0,0.0,0.0,1
me to find another place?,0.0,0.0015948061163601347,0.0,0.0,0.0,21
me to find another restaurant?,0.0,0.0,0.0,0.0,0.0,2
me to find other options?,0.0,0.0,0.0,0.0,0.0,1
me to help book it?,0.0,0.0,0.0,0.0,0.0,1
me to help you with?,0.0,0.0,0.0,0.0,0.0,1
me to look into it?,0.0,0.0,0.0,0.0,0.0,1
me to make a booking?,0.0,0.0,0.0,0.0,0.0,11
me to make a reservation?,0.0,0.002435312024353121,0.0,0.0,0.0,9
me to make the booking?,0.0,0.0,0.0,0.0,0.0,1
me to recommend another place?,0.0,0.0,0.0,0.0,0.0,1
me to reserve a room?,0.0,0.027195467422096328,0.0,0.0,0.0,1
me to reserve a table?,0.0,0.0,0.0,0.0,0.0,2
me to start a booking?,0.0,0.0,0.0,0.0,0.0,1
me to try another place?,0.0,0.0,0.0,0.0,0.0,3
me to try somewhere else?,0.0,0.0,0.0,0.0,0.0,1
might have a better view?,0.0,0.0,0.0,0.0,0.0,1
more about any of them?,0.0,0.0,0.0,0.0,0.0,5
more about da vinci pizzeria?,0.0,0.0,0.0,0.0,0.0,1
more about de luca cucina?,0.0,0.0,0.0,0.0,0.0,1
more about either of them?,0.0,0.0014211695040710587,0.0,0.0,0.0,7
more about saigon city's menu?,0.0,0.0,0.0,0.0,0.0,1
more about the alexander b&b?,0.0,0.0,0.0,0.0,0.0,1
more about the archway house?,0.0,0.0,0.0,0.0,0.0,1
more about the copper kettle?,0.0,0.0,0.0,0.0,0.0,1
more about the either restaurant?,0.0,0.0,0.0,0.0,0.0,1
more about the lucky star?,0.0,0.0,0.0,0.0,0.0,2
more about the portion sizes?,0.0,0.0,0.0,0.0,0.0,1
more about the ugly duckling?,0.0,0.0,0.0,0.0,0.0,1
more about the warkworth house?,0.0,0.0,0.0,0.0,0.0,1
more about the worth house?,0.0,0.004608737397983678,0.0,0.0,0.0,2
more about their entree sizes?,0.0,0.0,0.0,0.0,0.0,1
more affordable place for you?,0.0,0.0,0.0,0.0,0.0,1
more attractive option for you?,0.0,0.0,0.0,0.0,0.0,1
more information about caffe uno?,0.0,0.0,0.0,0.0,0.0,1
more information about curry garden?,0.0,0.0,0.0,0.0,0.0,1
more information about either place?,0.0,0.0,0.0,0.0,0.0,1
more information about la margherita?,0.0,0.0,0.0,0.0,0.0,1
more information about something else?,0.0,0.0,0.0,0.0,0.0,1
more information about the hotel?,0.0,0.012403100775193802,0.0,0.0,0.0,2
more information about the place?,0.0,0.0,0.0,0.0,0.0,2
more information about the restaurant?,0.0,0.0030592734225621415,0.0,0.0,0.0,6
more information about this location?,0.0,0.0,0.0,0.0,0.0,1
more information on anything else?,0.0,0.0,0.0,0.0,0.0,2
more information on la tasca?,0.0,0.0,0.0,0.0,0.0,1
more information on the establishment?,0.0,0.0,0.0,0.0,0.0,1
more information on the grafton?,0.0,0.0,0.0,0.0,0.0,1
more information on the restaurant?,0.0,0.0,0.0,0.0,0.0,3
more information on their menu?,0.0,0.0,0.0,0.0,0.0,1
more information on this restaurant?,0.0,0.0,0.0,0.0,0.0,1
more information or another place?,0.0,0.01612541993281075,0.0,0.0,0.0,1
more into this for you?,0.0,0.0,0.0,0.0,0.0,1
more questions about curry prince?,0.0,0.0,0.0,0.0,0.0,1
more questions about golden wok?,0.0,0.0,0.0,0.0,0.0,1
more questions about the property?,0.0,0.01207547169811321,0.0,0.0,0.0,1
more questions for me today?,0.0,0.0,0.0,0.0,0.0,1
more quiet place for you?,0.0,0.0,0.0,0.0,0.0,1
more suitable option for you?,0.0,0.02655601659751038,0.0,0.0,0.0,1
more value for the price?,0.0,0.0,0.0,0.0,0.0,1
need a reservation?,0.0,0.0,0.0,0.0,0.0,1
need any more from me?,0.0,0.0,0.0,0.0,0.0,1
need anything else from me?,0.0,0.0,0.0,0.0,0.0,2
need anything else?,0.0,0.0,0.0,0.0,0.0,1
need assistance with anything else?,0.0,0.0,0.0,0.0,0.0,2
need help with anything else?,0.0,0.0,0.0,0.0,0.0,4
need more information about them?,0.0,0.0,0.0,0.0,0.0,1
need more information on it?,0.0,0.0,0.0,0.0,0.0,1
need to know anything else?,0.0,0.0019081693500298156,0.0,0.0,0.0,13
of atmosphere you're looking for?,0.0,0.0,0.0,0.0,0.0,1
of tables for your visit?,0.0,0.0,0.0,0.0,0.0,1
of the centre of town?,0.0,0.0,0.0,0.0,0.0,1
of the other upscale options?,0.0,0.0,0.0,0.0,0.0,1
of their large rooms available?,0.0,0.0,0.0,0.0,0.0,1
on any of the restaurants?,0.0,0.0,0.0,0.0,0.0,2
on anything else about them?,0.0,0.0,0.0,0.0,0.0,1
on availability for your dates?,0.0,0.0,0.0,0.0,0.0,1
on hotels with larger rooms?,0.0,0.0,0.0,0.0,0.0,1
on table availability for you?,0.0,0.0,0.0,0.0,0.0,2
one of the other options?,0.0,0.0,0.0,0.0,0.0,1
one of the other restaurants?,0.0,0.00891089108910891,0.0,0.0,0.0,2
one of the other three?,0.0,0.0,0.0,0.0,0.0,1
one sounds better to you?,0.0,0.0,0.0,0.0,0.0,2
option with better service instead?,0.0,0.0,0.0,0.0,0.0,1
"options there, is that okay?",0.0,0.0,0.0,0.0,0.0,1
or book it for you?,0.0,0.0,0.0,0.0,0.0,1
or book you a table?,0.0,0.011401425178147271,0.0,0.0,0.0,2
or can i book you?,0.0,0.0,0.0,0.0,0.0,1
or check availability for you?,0.0,0.0,0.0,0.0,0.0,1
or check out another place?,0.0,0.012205975842339482,0.0,0.0,0.0,1
or check out another restaurant?,0.0,0.0,0.0,0.0,0.0,1
or do have additional questions?,0.0,0.0,0.0,0.0,0.0,1
or get some more information?,0.0,0.01402483564645727,0.0,0.0,0.0,1
or have any other questions?,0.0,0.0,0.0,0.0,0.0,1
or have me check elsewhere?,0.0,0.0,0.0,0.0,0.0,1
or have me look elsewhere?,0.0,0.0,0.0,0.0,0.0,1
or help with something else?,0.0,0.0,0.0,0.0,0.0,1
or look at other places?,0.0,0.0,0.0,0.0,0.0,1
or look for another place?,0.0,0.0016153457849570928,0.0,0.0,0.0,6
or look for something else?,0.0,0.0,0.0,0.0,0.0,2
or shall i book it?,0.0,0.0,0.0,0.0,0.0,4
or should i book it?,0.0,0.0,0.0,0.0,0.0,1
or should i keep looking?,0.0,0.011636363636363639,0.0,0.0,0.0,2
or should i keep searching?,0.0,0.0,0.0,0.0,0.0,1
or should i look elsewhere?,0.0,0.0,0.0,0.0,0.0,1
or should we keep looking?,0.0,0.0,0.0,0.0,0.0,1
or try a different place?,0.0,0.0,0.0,0.0,0.0,1
other hotels in the area?,0.0,0.0,0.0,0.0,0.0,1
other information about kirkwood house?,0.0,0.0,0.0,0.0,0.0,1
other information about the place?,0.0,0.0,0.0,0.0,0.0,1
other information about the property?,0.0,0.0,0.0,0.0,0.0,1
other information about the restaurant?,0.0,0.0,0.0,0.0,0.0,2
other information do you need?,0.0,0.0,0.0,0.0,0.0,1
other information on the restaurant?,0.0,0.0,0.0,0.0,0.0,1
other information that you need?,0.0,0.0013269749118805724,0.0,0.0,0.0,21
other options for you instead?,0.0,0.0,0.0,0.0,0.0,1
other options for your stay?,0.0,0.0,0.0,0.0,0.0,1
other places with better ratings?,0.0,0.0,0.0,0.0,0.0,19
other places with better reviews?,0.0,0.007937181025590134,0.0,0.0,0.0,3
other places with higher ratings?,0.0,0.0,0.0,0.0,0.0,1
other questions about archway house?,0.0,0.0,0.0,0.0,0.0,1
other questions about ashley hotel?,0.0,0.0,0.0,0.0,0.0,1
other questions about bangkok city?,0.0,0.0,0.0,0.0,0.0,1
other questions about caffe uno?,0.0,0.0,0.0,0.0,0.0,2
other questions about cambridge lodge?,0.0,0.0,0.0,0.0,0.0,1
other questions about don paquale?,0.0,0.0,0.0,0.0,0.0,1
other questions about fitzbillies restaurant?,0.0,0.0,0.0,0.0,0.0,1
other questions about gonville hotel?,0.0,0.0,0.0,0.0,0.0,1
other questions about saigon city?,0.0,0.0,0.0,0.0,0.0,1
other questions about thanh binh?,0.0,0.0,0.0,0.0,0.0,2
other questions about the b&b?,0.0,0.0,0.0,0.0,0.0,1
other questions about the gardenia?,0.0,0.0,0.0,0.0,0.0,1
other questions about the gonville?,0.0,0.02857142857142858,0.0,0.0,0.0,1
other questions about the hotel?,0.0,0.0023057523718025704,0.0,0.0,0.0,11
other questions about the lodging?,0.0,0.0,0.0,0.0,0.0,1
other questions about the menu?,0.0,0.005131860299358518,0.0,0.0,0.0,2
other questions about the place?,0.0,0.019631901840490802,0.0,0.0,0.0,1
other questions about the property?,0.0,0.0050577024197402355,0.0,0.0,0.0,7
other questions about the restaurant?,0.0,0.0,0.0,0.0,0.0,20
other questions about the rooms?,0.0,0.0,0.0,0.0,0.0,1
other questions about their menu?,0.0,0.0,0.0,0.0,0.0,1
other questions about this location?,0.0,0.0,0.0,0.0,0.0,2
other questions about this property?,0.0,0.01997918834547347,0.0,0.0,0.0,1
other questions about zizzi cambridge?,0.0,0.0,0.0,0.0,0.0,1
other questions at this time?,0.0,0.0,0.0,0.0,0.0,2
other questions before you book?,0.0,0.0,0.0,0.0,0.0,1
other questions do you have?,0.0,0.0,0.0,0.0,0.0,1
other questions for me today?,0.0,0.0,0.0,0.0,0.0,2
other questions for you today?,0.0,0.0,0.0,0.0,0.0,6
other questions i can answer?,0.0,0.0,0.0,0.0,0.0,1
other questions regarding menu options?,0.0,0.0,0.0,0.0,0.0,1
other questions to help decide?,0.0,0.0,0.0,0.0,0.0,1
other restaurants in the area?,0.0,0.0,0.0,0.0,0.0,1
out a few other places?,0.0,0.0,0.0,0.0,0.0,1
out a more affordable restaurant?,0.0,0.0,0.0,0.0,0.0,1
out for you about meghna?,0.0,0.0,0.0,0.0,0.0,1
out more about the carolina?,0.0,0.0,0.0,0.0,0.0,1
out more about the drinks?,0.0,0.0,0.0,0.0,0.0,1
out more about their portions?,0.0,0.0,0.0,0.0,0.0,1
out more information about them?,0.0,0.0,0.0,0.0,0.0,1
out more information about this?,0.0,0.0,0.0,0.0,0.0,1
out some less expensive places?,0.0,0.0,0.0,0.0,0.0,1
outdoor dining as an option?,0.0,0.0,0.0,0.0,0.0,1
outdoor dining to your reservation?,0.0,0.0,0.0,0.0,0.0,1
perhaps for a different date?,0.0,0.0,0.0,0.0,0.0,1
place and cancel this one?,0.0,0.0,0.0,0.0,0.0,1
place in the same area?,0.0,0.006543967280163601,0.0,0.0,0.0,3
place in the same vicinity?,0.0,0.0,0.0,0.0,0.0,3
"place is completely silent, right?",0.0,0.0,0.0,0.0,0.0,1
place that has better decor?,0.0,0.0,0.0,0.0,0.0,2
place that has more options?,0.0,0.0,0.0,0.0,0.0,1
place that offers more options?,0.0,0.0,0.0,0.0,0.0,1
place that offers more variety?,0.0,0.0,0.0,0.0,0.0,1
place with a better location?,0.0,0.0,0.0,0.0,0.0,3
place with a better value?,0.0,0.0,0.0,0.0,0.0,1
place with a better view?,0.0,0.0,0.0,0.0,0.0,3
place with better atmosphere ratings?,0.0,0.0,0.0,0.0,0.0,1
place with better bed ratings?,0.0,0.0,0.0,0.0,0.0,1
place with better customer reviews?,0.0,0.0,0.0,0.0,0.0,1
place with better indoor decor?,0.0,0.016763678696158326,0.0,0.0,0.0,1
place with better interior decor?,0.0,0.0,0.0,0.0,0.0,1
place with better noise ratings?,0.0,0.00994818652849741,0.0,0.0,0.0,1
place with better portion sizes?,0.0,0.0,0.0,0.0,0.0,1
place with better staff ratings?,0.0,0.0,0.0,0.0,0.0,1
place with better staff reviews?,0.0,0.0,0.0,0.0,0.0,1
place with better view ratings?,0.0,0.0,0.0,0.0,0.0,1
place with higher service ratings?,0.0,0.0,0.0,0.0,0.0,1
place with large serving portions?,0.0,0.0,0.0,0.0,0.0,1
place with larger portions sizes?,0.0,0.0,0.0,0.0,0.0,1
place with more affordable prices?,0.0,0.0,0.0,0.0,0.0,4
place with more generous portions?,0.0,0.0,0.0,0.0,0.0,1
place with more interesting decor?,0.0,0.0,0.0,0.0,0.0,1
place with more lively ambiance?,0.0,0.0,0.0,0.0,0.0,1
place with more upscale decor?,0.0,0.0,0.0,0.0,0.0,1
place with really nice decor?,0.0,0.0,0.0,0.0,0.0,1
place you'd like to go?,0.0,0.0,0.0,0.0,0.0,2
place you'd like to visit?,0.0,0.0,0.0,0.0,0.0,1
places for better staff reviews?,0.0,0.0,0.0,0.0,0.0,1
places with better staff reviews?,0.0,0.0,0.0,0.0,0.0,2
portion size a little further?,0.0,0.0,0.0,0.0,0.0,1
"pretty clean.. sounds good, right?",0.0,0.0,0.0,0.0,0.0,1
"prince, or book a table?",0.0,0.0,0.0,0.0,0.0,1
proceed to make a reservation?,0.0,0.010958904109589045,0.0,0.0,0.0,2
proceed with making a reservation?,0.0,0.0,0.0,0.0,0.0,1
property to ask them directly?,0.0,0.0,0.0,0.0,0.0,1
pull up some other places?,0.0,0.0,0.0,0.0,0.0,1
questions about alpha-milton guest house?,0.0,0.0,0.0,0.0,0.0,1
questions about da vinci pizzeria?,0.0,0.0,0.0,0.0,0.0,1
questions about dojo noodle bar?,0.0,0.0,0.0,0.0,0.0,2
questions about frankie and bennys?,0.0,0.0,0.0,0.0,0.0,1
questions about lan hong house?,0.0,0.0,0.0,0.0,0.0,2
questions about restaurant two two?,0.0,0.0,0.0,0.0,0.0,1
questions about the cambridge belfry?,0.0,0.0,0.0,0.0,0.0,1
questions about the missing sock?,0.0,0.0,0.0,0.0,0.0,1
questions about the university arms?,0.0,0.0,0.0,0.0,0.0,1
questions about this holiday inn?,0.0,0.0,0.0,0.0,0.0,1
questions about your dining options?,0.0,0.0,0.0,0.0,0.0,1
questions about your upcoming reservation?,0.0,0.0,0.0,0.0,0.0,2
questions about your upcoming stay?,0.0,0.0,0.0,0.0,0.0,2
questions for you about anatolia?,0.0,0.0,0.0,0.0,0.0,1
questions for you about cityroomz?,0.0,0.02931297709923665,0.0,0.0,0.0,1
questions i can help with?,0.0,0.011636363636363639,0.0,0.0,0.0,2
questions that you'd like answered?,0.0,0.0,0.0,0.0,0.0,1
questions to help you choose?,0.0,0.0,0.0,0.0,0.0,1
rated more highly in service?,0.0,0.0,0.0,0.0,0.0,1
ratings on the food portions?,0.0,0.0,0.0,0.0,0.0,1
ready to book it now?,0.0,0.0,0.0,0.0,0.0,1
ready to book?,0.0,0.023272727272727278,0.0,0.0,0.0,1
ready to make a booking?,0.0,0.0,0.0,0.0,0.0,1
regarding your reservation at kymmoy?,0.0,0.0,0.0,0.0,0.0,1
reservation and find another option?,0.0,0.0,0.0,0.0,0.0,1
reservation at allenbell for you?,0.0,0.0,0.0,0.0,0.0,1
reservation at alpha-milton guest house?,0.0,0.0,0.0,0.0,0.0,1
reservation at one of them?,0.0,0.0,0.0,0.0,0.0,1
reservation at one of these?,0.0,0.0,0.0,0.0,0.0,1
reservation at university arms hotel?,0.0,0.0,0.0,0.0,0.0,1
reservation for a table indoors?,0.0,0.0,0.0,0.0,0.0,1
reservation for a table outdoors?,0.0,0.0,0.0,0.0,0.0,1
reservation for you at bedouin?,0.0,0.0,0.0,0.0,0.0,1
reservation for your party outdoors?,0.0,0.0,0.0,0.0,0.0,1
reservation or find more locations?,0.0,0.0,0.0,0.0,0.0,1
reservation or try someplace else?,0.0,0.0,0.0,0.0,0.0,1
reservation there or keep looking?,0.0,0.0,0.0,0.0,0.0,1
reservation there or look elsewhere?,0.0,0.0,0.0,0.0,0.0,1
reserve a room for you?,0.0,0.0015841584158415845,0.0,0.0,0.0,15
reserve a table for you?,0.0,0.0,0.0,0.0,0.0,16
reserve you a table now?,0.0,0.0,0.0,0.0,0.0,8
restaurant in a better location?,0.0,0.0,0.0,0.0,0.0,2
restaurant in a different area?,0.0,0.0,0.0,0.0,0.0,1
restaurant one seven for you?,0.0,0.0,0.0,0.0,0.0,1
restaurant or is this okay?,0.0,0.0,0.0,0.0,0.0,1
restaurant that serves larger portions?,0.0,0.0,0.0,0.0,0.0,1
restaurant with a better view?,0.0,0.0,0.0,0.0,0.0,3
restaurant with better portion reviews?,0.0,0.0,0.0,0.0,0.0,1
restaurant with better view reviews?,0.0,0.0,0.0,0.0,0.0,1
restaurant with more highly-rated quiche?,0.0,0.0,0.0,0.0,0.0,1
reviews of the copper kettle?,0.0,0.0,0.0,0.0,0.0,1
reviews on the noise level?,0.0,0.0,0.0,0.0,0.0,1
room at acorn guest house?,0.0,0.006432160804020102,0.0,0.0,0.0,3
room at arbury lodge guesthouse?,0.0,0.0,0.0,0.0,0.0,1
room at huntingdon marriott hotel?,0.0,0.0,0.0,0.0,0.0,1
room at the gonville hotel?,0.0,0.0,0.0,0.0,0.0,2
rosa's before i book it?,0.0,0.022802850356294542,0.0,0.0,0.0,1
search and find something quieter?,0.0,0.0,0.0,0.0,0.0,1
search for a quiter option?,0.0,0.0,0.0,0.0,0.0,1
search for another location ?,0.0,0.0,0.0,0.0,0.0,1
searching for a better alternative?,0.0,0.027195467422096328,0.0,0.0,0.0,1
see about making a reservation?,0.0,0.0,0.0,0.0,0.0,1
shall i book a room?,0.0,0.01054945054945055,0.0,0.0,0.0,2
shall i book a table?,0.0,0.0,0.0,0.0,0.0,1
shall i book it?,0.0,0.0,0.0,0.0,0.0,1
shall i book you?,0.0,0.0,0.0,0.0,0.0,1
shall i book?,0.0,0.0,0.0,0.0,0.0,1
shall we book a reservation?,0.0,0.0,0.0,0.0,0.0,1
should i book a reservation?,0.0,0.0,0.0,0.0,0.0,2
should i book a room?,0.0,0.0,0.0,0.0,0.0,1
should i book a table?,0.0,0.0,0.0,0.0,0.0,5
should i book ashley hotel?,0.0,0.0,0.0,0.0,0.0,1
should i book it?,0.0,0.0,0.0,0.0,0.0,15
should i book that table?,0.0,0.0,0.0,0.0,0.0,1
should i book the allenbell?,0.0,0.01672473867595819,0.0,0.0,0.0,1
should i cancel the reservation?,0.0,0.0,0.0,0.0,0.0,1
should i check another hotel?,0.0,0.0,0.0,0.0,0.0,1
should i check on availability?,0.0,0.0,0.0,0.0,0.0,2
should i check other options?,0.0,0.0,0.0,0.0,0.0,1
should i check other restaurants?,0.0,0.0,0.0,0.0,0.0,1
should i choose another option?,0.0,0.0,0.0,0.0,0.0,2
should i do another search?,0.0,0.0,0.0,0.0,0.0,2
should i find another location?,0.0,0.0,0.0,0.0,0.0,1
should i find another option?,0.0,0.0035164835164835165,0.0,0.0,0.0,6
should i find something else?,0.0,0.0,0.0,0.0,0.0,2
should i look for others?,0.0,0.0,0.0,0.0,0.0,1
should i make a reservation?,0.0,0.013933236574746011,0.0,0.0,0.0,2
should i make a resevation?,0.0,0.0,0.0,0.0,0.0,1
should i make that reservation?,0.0,0.0,0.0,0.0,0.0,1
should i make the reservation?,0.0,0.0,0.0,0.0,0.0,1
should i pick another option?,0.0,0.0,0.0,0.0,0.0,1
should i reserve a table?,0.0,0.0,0.0,0.0,0.0,1
should i run another search?,0.0,0.0,0.0,0.0,0.0,1
should i try another hotel?,0.0,0.0,0.0,0.0,0.0,1
should i try another search?,0.0,0.0,0.0,0.0,0.0,1
should i try something else?,0.0,0.0,0.0,0.0,0.0,2
should i try somewhere else?,0.0,0.0,0.0,0.0,0.0,1
should i verify your reservations?,0.0,0.0,0.0,0.0,0.0,1
should look at other options?,0.0,0.0,0.0,0.0,0.0,1
should we cancel your reservation?,0.0,0.0,0.0,0.0,0.0,1
should we keep your reservation?,0.0,0.0,0.0,0.0,0.0,1
should we look elsewhere?,0.0,0.0,0.0,0.0,0.0,1
should we make a reservation?,0.0,0.0,0.0,0.0,0.0,1
so maybe try that place?,0.0,0.0,0.0,0.0,0.0,1
"some mixed signals there, eh?",0.0,0.0,0.0,0.0,0.0,1
some more information about hotpot?,0.0,0.0,0.0,0.0,0.0,1
some more information about it?,0.0,0.0,0.0,0.0,0.0,3
some more information about them?,0.0,0.0,0.0,0.0,0.0,9
some more information on eraina?,0.0,0.0,0.0,0.0,0.0,1
some more information on it?,0.0,0.0,0.0,0.0,0.0,1
some more information on them?,0.0,0.0,0.0,0.0,0.0,4
some other hotels for you?,0.0,0.0,0.0,0.0,0.0,1
some other options to explore?,0.0,0.0,0.0,0.0,0.0,1
some other places for value?,0.0,0.0,0.0,0.0,0.0,1
some other places for you?,0.0,0.0,0.0,0.0,0.0,1
something with a nicer view?,0.0,0.0,0.0,0.0,0.0,1
something you'd be interested in?,0.0,0.0,0.0,0.0,0.0,1
something you'd like to try?,0.0,0.0,0.0,0.0,0.0,1
somewhere else for another hotel?,0.0,0.0,0.0,0.0,0.0,1
somewhere that is more quiet?,0.0,0.0,0.0,0.0,0.0,1
sound good enough for you?,0.0,0.0,0.0,0.0,0.0,2
sound good to you?,0.0,0.0010769014293209756,0.0,0.0,0.0,43
sound good?,0.0,0.002818141787758697,0.0,0.0,0.0,9
"sounds friendly, right?",0.0,0.020711974110032366,0.0,0.0,0.0,1
sounds good right?,0.0,0.0,0.0,0.0,0.0,1
"sounds good, right?",0.0,0.012597095424853664,0.0,0.0,0.0,7
"sounds nice, eh?",0.0,0.01016949152542373,0.0,0.0,0.0,2
"sounds nice, right?",0.0,0.02191780821917809,0.0,0.0,0.0,3
specific amenities that you require?,0.0,0.0,0.0,0.0,0.0,1
specific drink you're interested in?,0.0,0.0,0.0,0.0,0.0,1
start another search for you?,0.0,0.0,0.0,0.0,0.0,1
still interested in a booking?,0.0,0.0,0.0,0.0,0.0,1
still interested in a room?,0.0,0.0,0.0,0.0,0.0,1
still interested in staying there?,0.0,0.0,0.0,0.0,0.0,1
still interested in this location?,0.0,0.0,0.0,0.0,0.0,2
still like a room here?,0.0,0.0,0.0,0.0,0.0,1
still like a room there?,0.0,0.0,0.0,0.0,0.0,1
still like to book here?,0.0,0.007114624505928854,0.0,0.0,0.0,2
still like to try it?,0.0,0.0,0.0,0.0,0.0,1
still want a reservation there?,0.0,0.0,0.0,0.0,0.0,2
such as booking a table?,0.0,0.0,0.0,0.0,0.0,1
table at da vinci pizzeria?,0.0,0.013052345343303878,0.0,0.0,0.0,1
table at either of those?,0.0,0.0,0.0,0.0,0.0,1
table at grafton hotel restaurant?,0.0,0.0,0.0,0.0,0.0,1
table for 8 for you?,0.0,0.0,0.0,0.0,0.0,1
table for you at ask?,0.0,0.0,0.0,0.0,0.0,1
table for you at nandos?,0.0,0.0,0.0,0.0,0.0,1
table on the skyline side?,0.0,0.0,0.0,0.0,0.0,1
table or find something else?,0.0,0.0,0.0,0.0,0.0,1
table or get more information?,0.0,0.0,0.0,0.0,0.0,1
table or try something else?,0.0,0.0,0.0,0.0,0.0,1
table there or look elsewhere?,0.0,0.0,0.0,0.0,0.0,1
table with a good view?,0.0,0.0,0.0,0.0,0.0,2
table with a nice view?,0.0,0.0,0.0,0.0,0.0,1
tell you about the hotel?,0.0,0.027195467422096328,0.0,0.0,0.0,1
tell you about the property?,0.0,0.0,0.0,0.0,0.0,1
that a deal-breaker for you?,0.0,0.0,0.0,0.0,0.0,1
that does have large portions?,0.0,0.0,0.0,0.0,0.0,1
that does have nicer views?,0.0,0.0,0.0,0.0,0.0,1
that going to be okay?,0.0,0.0,0.0,0.0,0.0,1
that has plenty of options?,0.0,0.0,0.0,0.0,0.0,1
that i can assist with?,0.0,0.008751139471285325,0.0,0.0,0.0,2
that might have larger rooms?,0.0,0.0,0.0,0.0,0.0,1
that place or somewhere else?,0.0,0.0,0.0,0.0,0.0,1
that serves kung pao chicken?,0.0,0.0,0.0,0.0,0.0,1
that sound good for you?,0.0,0.0,0.0,0.0,0.0,1
that sound good to you?,0.0,0.0,0.0,0.0,0.0,20
that sound okay for you?,0.0,0.0,0.0,0.0,0.0,2
that sound okay to you?,0.0,0.0,0.0,0.0,0.0,2
that sounds alright to you?,0.0,0.0,0.0,0.0,0.0,1
that sounds good to you?,0.0,0.0,0.0,0.0,0.0,1
that still work for you?,0.0,0.0,0.0,0.0,0.0,3
that will be a problem?,0.0,0.0,0.0,0.0,0.0,1
that you need to know?,0.0,0.0,0.0,0.0,0.0,2
that's a little more affordable?,0.0,0.0,0.0,0.0,0.0,1
that's got a better view?,0.0,0.0,0.0,0.0,0.0,1
that's got a great view?,0.0,0.0,0.0,0.0,0.0,1
the address and phone number?,0.0,0.0,0.0,0.0,0.0,1
the booking and look elsewhere?,0.0,0.0,0.0,0.0,0.0,1
the carolina bed and breakfast?,0.0,0.015153906866614051,0.0,0.0,0.0,1
the drink options offered there?,0.0,0.0,0.0,0.0,0.0,1
the express by holiday inn?,0.0,0.0,0.0,0.0,0.0,1
the gonville hotel for you?,0.0,0.01777777777777778,0.0,0.0,0.0,1
the guest house for you?,0.0,0.0,0.0,0.0,0.0,2
the guesthouse for you today?,0.0,0.0,0.0,0.0,0.0,1
"the highway, will that work?",0.0,0.0,0.0,0.0,0.0,1
the hotel for you today?,0.0,0.0,0.0,0.0,0.0,1
the leverton for your trip?,0.0,0.0,0.0,0.0,0.0,1
the menu at la tasca?,0.0,0.0,0.0,0.0,0.0,1
the other guest house option?,0.0,0.0,0.0,0.0,0.0,1
the other options for you?,0.0,0.0,0.0,0.0,0.0,1
the portions a little further?,0.0,0.0,0.0,0.0,0.0,1
the river bar and steakhouse?,0.0,0.0,0.0,0.0,0.0,1
the room at gonville hotel?,0.0,0.0,0.0,0.0,0.0,1
the size of your party?,0.0,0.0,0.0,0.0,0.0,1
their address or phone number?,0.0,0.0,0.0,0.0,0.0,1
their larger rooms is available?,0.0,0.0,0.0,0.0,0.0,1
their menu or anything else?,0.0,0.0,0.0,0.0,0.0,1
them or book a table?,0.0,0.0,0.0,0.0,0.0,2
them or check another place?,0.0,0.0,0.0,0.0,0.0,1
them or make a reservation?,0.0,0.0,0.0,0.0,0.0,1
there anything else you need?,0.0,0.0,0.0,0.0,0.0,3
there or get more information?,0.0,0.0,0.0,0.0,0.0,1
there or know anything else?,0.0,0.02191780821917809,0.0,0.0,0.0,1
there something else you need?,0.0,0.0,0.0,0.0,0.0,1
there's a large room available?,0.0,0.0,0.0,0.0,0.0,1
there's a larger room available?,0.0,0.0,0.0,0.0,0.0,1
"there, or any other information?",0.0,0.027866473149492022,0.0,0.0,0.0,1
they have a table available?,0.0,0.0,0.0,0.0,0.0,1
they have larger rooms available?,0.0,0.0,0.0,0.0,0.0,1
things about the restaurant today?,0.0,0.0,0.0,0.0,0.0,1
this help you at all?,0.0,0.0,0.0,0.0,0.0,1
those sound good to you?,0.0,0.0,0.0,0.0,0.0,1
time you wish to reserve?,0.0,0.0,0.0,0.0,0.0,1
to answer for you today?,0.0,0.0,0.0,0.0,0.0,1
to book a hotel elsewhere?,0.0,0.0,0.0,0.0,0.0,1
to book a reservation now?,0.0,0.0,0.0,0.0,0.0,1
to book a reservation there?,0.0,0.006412145563380193,0.0,0.0,0.0,12
to book a room there?,0.0,0.003707660045583796,0.0,0.0,0.0,50
to book a stay there?,0.0,0.009329446064139943,0.0,0.0,0.0,2
to book a table for?,0.0,0.0,0.0,0.0,0.0,1
to book a table here?,0.0,0.0,0.0,0.0,0.0,1
to book a table now?,0.0,0.0,0.0,0.0,0.0,2
to book a table outdoors?,0.0,0.0,0.0,0.0,0.0,3
to book a table there?,0.0,0.0,0.0,0.0,0.0,13
to book a table tonight?,0.0,0.0,0.0,0.0,0.0,1
to book an outdoor table?,0.0,0.0,0.0,0.0,0.0,1
to book arbury lodge guesthouse?,0.0,0.019296482412060306,0.0,0.0,0.0,1
to book at table there?,0.0,0.0,0.0,0.0,0.0,1
to book it for you?,0.0,0.003131796127321562,0.0,0.0,0.0,48
to book one of them?,0.0,0.0,0.0,0.0,0.0,1
to book that for you?,0.0,0.0,0.0,0.0,0.0,5
to book the gonville hotel?,0.0,0.0,0.0,0.0,0.0,1
to book the hotel now?,0.0,0.0,0.0,0.0,0.0,1
to book this for you?,0.0,0.0,0.0,0.0,0.0,2
to book you a reservation?,0.0,0.0,0.0,0.0,0.0,6
to book you a room?,0.0,0.002488478121526651,0.0,0.0,0.0,19
to book you a table?,0.0,0.0,0.0,0.0,0.0,16
to check another japanese restaurant?,0.0,0.0,0.0,0.0,0.0,1
to check availability for you?,0.0,0.0,0.0,0.0,0.0,2
to check into other places?,0.0,0.0,0.0,0.0,0.0,1
to check on room availablilty?,0.0,0.0,0.0,0.0,0.0,1
to check out another place?,0.0,0.005402363534046148,0.0,0.0,0.0,2
to check out other places?,0.0,0.0,0.0,0.0,0.0,2
to check out other restaurants?,0.0,0.0,0.0,0.0,0.0,1
to contact the hotel directly?,0.0,0.0,0.0,0.0,0.0,1
to continue with a booking?,0.0,0.0,0.0,0.0,0.0,2
to continue with a reservation?,0.0,0.0,0.0,0.0,0.0,2
to continue with your booking?,0.0,0.0,0.0,0.0,0.0,1
to convince you to book?,0.0,0.0,0.0,0.0,0.0,2
to double check for you?,0.0,0.0,0.0,0.0,0.0,1
to explore some other locations?,0.0,0.0,0.0,0.0,0.0,1
to explore some other options?,0.0,0.0018106374952847981,0.0,0.0,0.0,11
to explore some other places?,0.0,0.0,0.0,0.0,0.0,1
to find a different one?,0.0,0.0,0.0,0.0,0.0,1
to find a different option?,0.0,0.0,0.0,0.0,0.0,1
to find a different place?,0.0,0.0,0.0,0.0,0.0,1
to find another place entirely?,0.0,0.01777777777777778,0.0,0.0,0.0,1
to find any additional information?,0.0,0.0,0.0,0.0,0.0,1
to find out more information?,0.0,0.0,0.0,0.0,0.0,1
to find some place else?,0.0,0.0,0.0,0.0,0.0,1
to find you another option?,0.0,0.022351571594877773,0.0,0.0,0.0,1
to get a room there?,0.0,0.0,0.0,0.0,0.0,2
to give it a shot?,0.0,0.009648241206030153,0.0,0.0,0.0,2
to give it a try?,0.0,0.011881188118811883,0.0,0.0,0.0,2
to give them a shot?,0.0,0.0,0.0,0.0,0.0,3
to give them a try?,0.0,0.0,0.0,0.0,0.0,8
to go some place else?,0.0,0.0,0.0,0.0,0.0,1
to have for your stay?,0.0,0.022351571594877773,0.0,0.0,0.0,1
to help you book it?,0.0,0.020711974110032366,0.0,0.0,0.0,1
to know about either place?,0.0,0.0,0.0,0.0,0.0,1
to know about gonville hotel?,0.0,0.0,0.0,0.0,0.0,1
to know about meze bar?,0.0,0.0,0.0,0.0,0.0,1
to know about royal spice?,0.0,0.0,0.0,0.0,0.0,1
to know about royal standard?,0.0,0.0,0.0,0.0,0.0,1
to know about the gonville?,0.0,0.0,0.0,0.0,0.0,1
to know about the hotel?,0.0,0.03009404388714734,0.0,0.0,0.0,1
to know about the hotels?,0.0,0.0,0.0,0.0,0.0,1
to know about the restaurant?,0.0,0.0,0.0,0.0,0.0,2
to know about the restaurants?,0.0,0.0,0.0,0.0,0.0,1
to know about their menu?,0.0,0.0,0.0,0.0,0.0,1
to know about this location?,0.0,0.0,0.0,0.0,0.0,1
to know anything about them?,0.0,0.0,0.0,0.0,0.0,1
to know anything else ?,0.0,0.0,0.0,0.0,0.0,1
to know make a reservation?,0.0,0.0,0.0,0.0,0.0,1
to know more about alpha-milton?,0.0,0.0,0.0,0.0,0.0,1
to know more about cityoomz?,0.0,0.0,0.0,0.0,0.0,1
to know more about cotto?,0.0,0.0,0.0,0.0,0.0,1
to know more about dojo?,0.0,0.0,0.0,0.0,0.0,1
to know more about efes?,0.0,0.0,0.0,0.0,0.0,1
to know more about eraina?,0.0,0.0,0.0,0.0,0.0,1
to know more about it?,0.0,0.0,0.0,0.0,0.0,7
to know more about nandos?,0.0,0.0,0.0,0.0,0.0,1
to know more about panahar?,0.0,0.0,0.0,0.0,0.0,1
to know more about prezzo?,0.0,0.0,0.0,0.0,0.0,1
to know more about rajmahal?,0.0,0.0,0.0,0.0,0.0,1
to know more about rosa's?,0.0,0.0,0.0,0.0,0.0,2
to know more about them?,0.0,0.000858370746076322,0.0,0.0,0.0,385
to know more about wagamama?,0.0,0.0,0.0,0.0,0.0,2
to know more about zizzi?,0.0,0.0,0.0,0.0,0.0,1
to know more bout darry's?,0.0,0.0,0.0,0.0,0.0,1
to know more bout them?,0.0,0.0,0.0,0.0,0.0,1
to look at alternative options?,0.0,0.0,0.0,0.0,0.0,1
to look at another hotel?,0.0,0.0,0.0,0.0,0.0,2
to look at another location?,0.0,0.0,0.0,0.0,0.0,3
to look at another option?,0.0,0.0,0.0,0.0,0.0,2
to look at another place?,0.0,0.0,0.0,0.0,0.0,2
to look at another restaurant?,0.0,0.0,0.0,0.0,0.0,1
to look at other options?,0.0,0.0,0.0,0.0,0.0,8
to look at other places?,0.0,0.00632411067193676,0.0,0.0,0.0,3
to look at someplace else?,0.0,0.0,0.0,0.0,0.0,1
to look at something else?,0.0,0.022802850356294542,0.0,0.0,0.0,1
to look for another hotel?,0.0,0.0,0.0,0.0,0.0,1
to look for another one?,0.0,0.0,0.0,0.0,0.0,1
to look for another option?,0.0,0.0,0.0,0.0,0.0,7
to look for another place?,0.0,0.0,0.0,0.0,0.0,7
to look for other options?,0.0,0.0,0.0,0.0,0.0,2
to look for something else?,0.0,0.022351571594877773,0.0,0.0,0.0,1
to look into some alternatives?,0.0,0.0,0.0,0.0,0.0,1
to look some place else?,0.0,0.0,0.0,0.0,0.0,1
to make a booking now?,0.0,0.0,0.0,0.0,0.0,1
to make a booking there?,0.0,0.0,0.0,0.0,0.0,1
to make a reservation ?,0.0,0.0,0.0,0.0,0.0,1
to make a reservation anyway?,0.0,0.0,0.0,0.0,0.0,3
to make a reservation at?,0.0,0.0,0.0,0.0,0.0,1
to make a reservation elsewhere?,0.0,0.0,0.0,0.0,0.0,1
to make a reservation for?,0.0,0.0,0.0,0.0,0.0,1
to make a reservation here?,0.0,0.0,0.0,0.0,0.0,1
to make a reservation now?,0.0,0.0,0.0,0.0,0.0,8
to make a reservation still?,0.0,0.0,0.0,0.0,0.0,1
to make a reservation there?,0.0,0.002081084877094859,0.0,0.0,0.0,50
to make a reservation today?,0.0,0.0,0.0,0.0,0.0,2
to make reservations for you?,0.0,0.0,0.0,0.0,0.0,3
to make to a reservation?,0.0,0.0,0.0,0.0,0.0,1
to make you a reservation?,0.0,0.0037788963328809263,0.0,0.0,0.0,13
to make your reservation now?,0.0,0.0,0.0,0.0,0.0,1
to narrow down your choice?,0.0,0.0,0.0,0.0,0.0,1
to now more about rosa's?,0.0,0.0,0.0,0.0,0.0,1
to plan a trip there?,0.0,0.0,0.0,0.0,0.0,1
to proceed with a reservation?,0.0,0.0,0.0,0.0,0.0,1
to reserve one for you?,0.0,0.0,0.0,0.0,0.0,1
to reserve you a room?,0.0,0.0,0.0,0.0,0.0,1
to reserve you a table?,0.0,0.0,0.0,0.0,0.0,3
to search for additional information?,0.0,0.0,0.0,0.0,0.0,2
to search for another option?,0.0,0.0,0.0,0.0,0.0,2
to search for another place?,0.0,0.0,0.0,0.0,0.0,1
to search for more reviews?,0.0,0.0,0.0,0.0,0.0,1
to search for other options?,0.0,0.0,0.0,0.0,0.0,1
to see some other options?,0.0,0.0,0.0,0.0,0.0,1
to try a different hotel?,0.0,0.0,0.0,0.0,0.0,2
to try a different option?,0.0,0.0,0.0,0.0,0.0,1
to try a different place?,0.0,0.0,0.0,0.0,0.0,1
to try a different restaurant?,0.0,0.0,0.0,0.0,0.0,2
to try a shorter stay?,0.0,0.0,0.0,0.0,0.0,1
to try another chinese restaurant?,0.0,0.0,0.0,0.0,0.0,1
to try booking a table?,0.0,0.0,0.0,0.0,0.0,1
"today, or book a table?",0.0,0.0,0.0,0.0,0.0,1
try another location for you?,0.0,0.02033898305084746,0.0,0.0,0.0,1
try another option for you?,0.0,0.0,0.0,0.0,0.0,1
try the cambridge chop house?,0.0,0.0,0.0,0.0,0.0,1
try to answer for you?,0.0,0.0,0.0,0.0,0.0,1
try to book a room?,0.0,0.0,0.0,0.0,0.0,1
try to reserve a table?,0.0,0.0,0.0,0.0,0.0,1
up a reservation for you?,0.0,0.023762376237623766,0.0,0.0,0.0,1
upcoming stay at the hotel?,0.0,0.0,0.0,0.0,0.0,1
upcoming stay at this time?,0.0,0.0,0.0,0.0,0.0,1
"view of the city, specifically?",0.0,0.0,0.0,0.0,0.0,1
want a reservation there today?,0.0,0.0,0.0,0.0,0.0,1
want a reservation there?,0.0,0.0,0.0,0.0,0.0,1
want a reservation?,0.0,0.0,0.0,0.0,0.0,2
want another suggestion?,0.0,0.0,0.0,0.0,0.0,1
want me to book it?,0.0,0.010355987055016183,0.0,0.0,0.0,2
want me to check availability?,0.0,0.0,0.0,0.0,0.0,2
want to book a reservation?,0.0,0.0027562446167097338,0.0,0.0,0.0,9
want to book a room?,0.0,0.002598220444025922,0.0,0.0,0.0,23
want to book a stay?,0.0,0.0,0.0,0.0,0.0,1
want to book a table?,0.0,0.0,0.0,0.0,0.0,6
want to book it anyway?,0.0,0.0,0.0,0.0,0.0,1
want to book it anyways?,0.0,0.0,0.0,0.0,0.0,2
want to book it now?,0.0,0.0,0.0,0.0,0.0,1
want to book it?,0.0,0.002091959032468948,0.0,0.0,0.0,13
want to book something else?,0.0,0.0,0.0,0.0,0.0,1
want to change your reservation?,0.0,0.0,0.0,0.0,0.0,5
want to explore more options?,0.0,0.0,0.0,0.0,0.0,1
want to explore other locations?,0.0,0.0,0.0,0.0,0.0,1
want to explore other options?,0.0,0.0,0.0,0.0,0.0,2
want to get a reservation?,0.0,0.018972332015810278,0.0,0.0,0.0,1
want to keep your reservation?,0.0,0.0,0.0,0.0,0.0,1
want to know about it?,0.0,0.0,0.0,0.0,0.0,1
want to know anything else?,0.0,0.0,0.0,0.0,0.0,52
want to know anything more?,0.0,0.0,0.0,0.0,0.0,2
want to look elsewhere?,0.0,0.0,0.0,0.0,0.0,2
want to look somewhere else?,0.0,0.004219780219780219,0.0,0.0,0.0,5
want to make a booking?,0.0,0.0031704095112285342,0.0,0.0,0.0,8
want to make a reservation?,0.0,0.0008936850491377551,0.0,0.0,0.0,77
want to stay somewhere else?,0.0,0.0,0.0,0.0,0.0,1
want to stay there?,0.0,0.0,0.0,0.0,0.0,3
want to stick to delivery?,0.0,0.0,0.0,0.0,0.0,1
want to try it anyway?,0.0,0.0,0.0,0.0,0.0,1
wanting to book that for?,0.0,0.0,0.0,0.0,0.0,1
warkworth house and its amenities?,0.0,0.0,0.0,0.0,0.0,1
we look at other options?,0.0,0.0,0.0,0.0,0.0,1
we make you a reservation?,0.0,0.0,0.0,0.0,0.0,1
were you looking more choices?,0.0,0.0,0.0,0.0,0.0,1
what else do you need?,0.0,0.0,0.0,0.0,0.0,1
what else?,0.0,0.0,0.0,0.0,0.0,1
what is your budge?,0.0,0.0,0.0,0.0,0.0,1
what is your budget?,0.0,0.0,0.0,0.0,0.0,3
what other places are available?,0.0,0.0,0.0,0.0,0.0,1
what size do you require?,0.0,0.0,0.0,0.0,0.0,1
will be in your party?,0.0,0.0,0.0,0.0,0.0,2
will that work for you?,0.0,0.0012668250197941412,0.0,0.0,0.0,18
will that work?,0.0,0.0,0.0,0.0,0.0,1
will this work for you?,0.0,0.0,0.0,0.0,0.0,1
with any other information today?,0.0,0.0,0.0,0.0,0.0,1
with better internet for you?,0.0,0.0,0.0,0.0,0.0,1
with better more positive reviews?,0.0,0.0,0.0,0.0,0.0,1
with better ratings for service?,0.0,0.0,0.0,0.0,0.0,1
with better ratings on noise?,0.0,0.0,0.0,0.0,0.0,1
with better ratings on portions?,0.0,0.0,0.0,0.0,0.0,1
with better reviews regarding noise?,0.0,0.0,0.0,0.0,0.0,1
with better wifi for you?,0.0,0.0,0.0,0.0,0.0,1
with booking an outdoor table?,0.0,0.0,0.0,0.0,0.0,1
"with generally good, quick service?",0.0,0.0,0.0,0.0,0.0,1
with heartier portions of food?,0.0,0.0,0.0,0.0,0.0,1
with higher ratings on food?,0.0,0.0,0.0,0.0,0.0,1
with more non-alcoholic beverage options?,0.0,0.0,0.0,0.0,0.0,1
with more to choose from?,0.0,0.0,0.0,0.0,0.0,1
would have more drink options?,0.0,0.0,0.0,0.0,0.0,1
would like help with today?,0.0,0.0,0.0,0.0,0.0,1
would like me to know?,0.0,0.0,0.0,0.0,0.0,1
would like more information on?,0.0,0.0,0.0,0.0,0.0,1
would you like a booking?,0.0,0.011175785797438886,0.0,0.0,0.0,2
would you like a reservation?,0.0,0.00044875540493163505,0.0,0.0,0.0,43
would you like a room?,0.0,0.011641306648479576,0.0,0.0,0.0,4
would you like a table?,0.0,0.0,0.0,0.0,0.0,3
would you like additional information?,0.0,0.0,0.0,0.0,0.0,1
would you like another option?,0.0,0.0,0.0,0.0,0.0,5
would you like anything else?,0.0,0.0,0.0,0.0,0.0,1
would you like further information?,0.0,0.0,0.0,0.0,0.0,2
would you like help booking?,0.0,0.0,0.0,0.0,0.0,1
would you like more information?,0.0,0.0,0.0,0.0,0.0,28
would you like more infromation?,0.0,0.0,0.0,0.0,0.0,1
would you like reservations?,0.0,0.0,0.0,0.0,0.0,2
would you like the address?,0.0,0.0,0.0,0.0,0.0,1
would you like the table?,0.0,0.0,0.0,0.0,0.0,1
would you like to book?,0.0,0.0,0.0,0.0,0.0,6
would you like to do?,0.0,0.0,0.0,0.0,0.0,1
would you like to know?,0.0,0.0020016680567139285,0.0,0.0,0.0,8
would you like to reservation?,0.0,0.0,0.0,0.0,0.0,1
would you like to reserve?,0.0,0.0,0.0,0.0,0.0,1
would you like to stay?,0.0,0.0,0.0,0.0,0.0,1
you a reservation for you?,0.0,0.0,0.0,0.0,0.0,1
you a table at meghna?,0.0,0.01672473867595819,0.0,0.0,0.0,1
you about dojo noodle bar?,0.0,0.0,0.0,0.0,0.0,1
you about the guest house?,0.0,0.0,0.0,0.0,0.0,2
you about the oak bistro?,0.0,0.0,0.0,0.0,0.0,1
you about your upcoming reservation?,0.0,0.0,0.0,0.0,0.0,1
you anything else about it?,0.0,0.0,0.0,0.0,0.0,1
you at the oak bistro?,0.0,0.0,0.0,0.0,0.0,1
you before making a reservation?,0.0,0.0,0.0,0.0,0.0,1
you book a room there?,0.0,0.0,0.0,0.0,0.0,1
you book the gonville hotel?,0.0,0.018972332015810278,0.0,0.0,0.0,1
you can ask them directly?,0.0,0.0,0.0,0.0,0.0,2
you can contact them directly?,0.0,0.0,0.0,0.0,0.0,2
you can help you with?,0.0,0.0,0.0,0.0,0.0,1
you find a better option?,0.0,0.0,0.0,0.0,0.0,1
you for your upcoming stay?,0.0,0.0,0.0,0.0,0.0,1
you have about the restaurant?,0.0,0.0,0.0,0.0,0.0,3
you have another questions today?,0.0,0.0,0.0,0.0,0.0,1
you have any additional questions?,0.0,0.0,0.0,0.0,0.0,2
you have any further questions?,0.0,0.001951021237679098,0.0,0.0,0.0,13
you have any more questions?,0.0,0.0,0.0,0.0,0.0,1
you have any other questions?,0.0,0.0014395977723303513,0.0,0.0,0.0,122
you have some other questions?,0.0,0.0,0.0,0.0,0.0,1
you in making a reservation?,0.0,0.0,0.0,0.0,0.0,3
you interested in a booking?,0.0,0.003947368421052633,0.0,0.0,0.0,4
you interested in a reservation?,0.0,0.0,0.0,0.0,0.0,4
you interested in a room?,0.0,0.015521742197972768,0.0,0.0,0.0,3
you interested in staying there?,0.0,0.012988583423366035,0.0,0.0,0.0,8
you interested in trying it?,0.0,0.0,0.0,0.0,0.0,1
you interested?,0.0,0.0,0.0,0.0,0.0,1
you like a booking there?,0.0,0.0,0.0,0.0,0.0,1
you like a new reservation?,0.0,0.0,0.0,0.0,0.0,1
you like a reservation still?,0.0,0.0,0.0,0.0,0.0,1
you like a reservation there?,0.0,0.0,0.0,0.0,0.0,4
you like a room there?,0.0,0.0,0.0,0.0,0.0,1
you like a table there?,0.0,0.0,0.0,0.0,0.0,1
you like any more information?,0.0,0.0,0.0,0.0,0.0,3
you like any other info?,0.0,0.0,0.0,0.0,0.0,1
you like any other information?,0.0,0.007104963721535076,0.0,0.0,0.0,6
you like help booking it?,0.0,0.0,0.0,0.0,0.0,4
you like help with booking?,0.0,0.012403100775193802,0.0,0.0,0.0,2
you like me to book?,0.0,0.0,0.0,0.0,0.0,1
you like more information ?,0.0,0.0,0.0,0.0,0.0,1
you like some more information?,0.0,0.0,0.0,0.0,0.0,5
you like some other suggestions?,0.0,0.0,0.0,0.0,0.0,1
you like some place else?,0.0,0.0,0.0,0.0,0.0,1
you like their telephone number?,0.0,0.0,0.0,0.0,0.0,1
you like to book allenbell?,0.0,0.018658892128279887,0.0,0.0,0.0,1
you like to book it?,0.0,0.001011312212285413,0.0,0.0,0.0,52
you like to book there?,0.0,0.02448268712419656,0.0,0.0,0.0,2
you like to check availability?,0.0,0.0,0.0,0.0,0.0,1
you like to do that?,0.0,0.0,0.0,0.0,0.0,2
you like to eat there?,0.0,0.0,0.0,0.0,0.0,1
you like to know more?,0.0,0.0008080131836440417,0.0,0.0,0.0,35
you like to look elsewhere?,0.0,0.0,0.0,0.0,0.0,7
you like to make reservation?,0.0,0.0,0.0,0.0,0.0,1
you like to more information?,0.0,0.0,0.0,0.0,0.0,1
you like to stay elsewhere?,0.0,0.0,0.0,0.0,0.0,1
you like to stay there?,0.0,0.004065514415952058,0.0,0.0,0.0,11
you like to try elsewhere?,0.0,0.0,0.0,0.0,0.0,1
you like to try it?,0.0,0.0,0.0,0.0,0.0,1
you like to try that?,0.0,0.0,0.0,0.0,0.0,1
you like to try them?,0.0,0.0,0.0,0.0,0.0,5
you like your reservation there?,0.0,0.0,0.0,0.0,0.0,1
you looking for more info?,0.0,0.0,0.0,0.0,0.0,1
you looking to stay there?,0.0,0.027866473149492022,0.0,0.0,0.0,1
you need any additional information?,0.0,0.0,0.0,0.0,0.0,1
you need any more information?,0.0,0.0,0.0,0.0,0.0,10
you need any other information?,0.0,0.0,0.0,0.0,0.0,11
you need for your stay?,0.0,0.0,0.0,0.0,0.0,1
you need help with booking?,0.0,0.0,0.0,0.0,0.0,2
you need help with today?,0.0,0.0,0.0,0.0,0.0,1
you need more information ?,0.0,0.0,0.0,0.0,0.0,1
you ok with dining indoors?,0.0,0.0,0.0,0.0,0.0,1
you or book a table?,0.0,0.0,0.0,0.0,0.0,1
you require for your stay?,0.0,0.0,0.0,0.0,0.0,1
you still have more questions?,0.0,0.0,0.0,0.0,0.0,1
you still like a reservation?,0.0,0.0,0.0,0.0,0.0,1
you still want your reservation?,0.0,0.0,0.0,0.0,0.0,1
you to book a table?,0.0,0.0,0.0,0.0,0.0,1
you want a reservation anyway?,0.0,0.0,0.0,0.0,0.0,1
you want a reservation now?,0.0,0.0,0.0,0.0,0.0,1
you want a reservation still?,0.0,0.0,0.0,0.0,0.0,1
you want a reservation there?,0.0,0.0038929440389294414,0.0,0.0,0.0,4
you want a room there?,0.0,0.01016949152542373,0.0,0.0,0.0,2
you want a table there?,0.0,0.0,0.0,0.0,0.0,1
you want any more information?,0.0,0.0,0.0,0.0,0.0,4
you want more information first?,0.0,0.022802850356294542,0.0,0.0,0.0,1
you want to book it?,0.0,0.006075822489663474,0.0,0.0,0.0,10
you want to dine there?,0.0,0.0,0.0,0.0,0.0,1
you want to look elsewhere?,0.0,0.0,0.0,0.0,0.0,8
you want to stay there?,0.0,0.005368901368901369,0.0,0.0,0.0,14
you want to try it?,0.0,0.0,0.0,0.0,0.0,3
you with any additional information?,0.0,0.0,0.0,0.0,0.0,1
you with any other bookings?,0.0,0.0,0.0,0.0,0.0,1
you with anything else today?,0.0,0.0026574024610287648,0.0,0.0,0.0,26
you with anything else tonight?,0.0,0.0,0.0,0.0,0.0,1
you with at this time?,0.0,0.0,0.0,0.0,0.0,8
you would be interested in?,0.0,0.0,0.0,0.0,0.0,1
you would like information on?,0.0,0.0,0.0,0.0,0.0,1
you would like to go?,0.0,0.0,0.0,0.0,0.0,1
you would like to know?,0.0,0.0026777958043921867,0.0,0.0,0.0,39
you'd like me to find?,0.0,0.010355987055016183,0.0,0.0,0.0,2
you'd like to go to?,0.0,0.0,0.0,0.0,0.0,1
you've requested a larger room?,0.0,0.0,0.0,0.0,0.0,1
