reference_response_question_start,avg_bleu,avg_meteor,avg_rouge1,avg_rouge2,avg_rougeL,num_samples
.would you like to make,0.0,0.0,0.0,0.0,0.0,1
according to past customers the,0.0,0.0,0.0,0.0,0.0,1
according to reviews of the,0.0,0.0,0.0,0.0,0.0,1
according to the reviews that,0.0,0.0,0.0,0.0,0.0,1
although no place is completely,0.0,0.0,0.0,0.0,0.0,1
any more information you would,0.0,0.0,0.0,0.0,0.0,1
any other questions i can,0.0,0.0,0.0,0.0,0.0,1
anythinf else i can help,0.0,0.0,0.0,0.0,0.0,1
anything else i can answer,0.0,0.0,0.0,0.0,0.0,1
anything else i can assist,0.0,0.0,0.0,0.0,0.0,1
anything else i can do,0.0,0.0,0.0,0.0,0.0,3
anything else i can help,0.0,0.004829436852099743,0.0,0.0,0.0,10
anything else today?,0.0,0.0,0.0,0.0,0.0,1
anything else you need help,0.0,0.0,0.0,0.0,0.0,1
anything else you want to,0.0,0.0,0.0,0.0,0.0,1
anything else you would like,0.0,0.005344064287374173,0.0,0.0,0.0,15
anything else?,0.0,0.0,0.0,0.0,0.0,2
anything you would like to,0.0,0.0,0.0,0.0,0.0,1
anythong else you would like,0.0,0.0,0.0,0.0,0.0,1
are there any other questions,0.0,0.0,0.0,0.0,0.0,24
are there any specific amenities,0.0,0.0,0.0,0.0,0.0,1
are you interested in a,0.0,0.005196225023177403,0.0,0.0,0.0,12
are you interested in any,0.0,0.0,0.0,0.0,0.0,1
are you interested in booking,0.0,0.0015503875968992252,0.0,0.0,0.0,16
are you interested in changing,0.0,0.0,0.0,0.0,0.0,1
are you interested in getting,0.0,0.0,0.0,0.0,0.0,1
are you interested in knowing,0.0,0.01254236941005397,0.0,0.0,0.0,4
are you interested in making,0.0,0.008846387782838763,0.0,0.0,0.0,8
are you interested in staying,0.0,0.014185671513839114,0.0,0.0,0.0,9
are you interested in trying,0.0,0.0,0.0,0.0,0.0,1
are you interested or should,0.0,0.01016949152542373,0.0,0.0,0.0,2
are you interested?,0.0,0.0,0.0,0.0,0.0,2
are you interesting in making,0.0,0.0,0.0,0.0,0.0,1
are you satisfied with the,0.0,0.0,0.0,0.0,0.0,1
are you still interested in,0.0,0.0015911162675064227,0.0,0.0,0.0,11
are you still interested or,0.0,0.004560570071258908,0.0,0.0,0.0,5
"are you still interested, or",0.0,0.0030141287284144425,0.0,0.0,0.0,7
are you still interested?,0.0,0.0,0.0,0.0,0.0,6
can i answer any additional,0.0,0.003256997455470739,0.0,0.0,0.0,9
can i answer any more,0.0,0.0,0.0,0.0,0.0,6
can i answer any other,0.0,0.0008827483030606818,0.0,0.0,0.0,85
can i answer anything else,0.0,0.001356273430998776,0.0,0.0,0.0,94
"can i answer anything else,",0.0,0.002483507954986419,0.0,0.0,0.0,9
can i answer anything else?,0.0,0.0012668250197941412,0.0,0.0,0.0,18
can i answer anything for,0.0,0.0,0.0,0.0,0.0,2
can i anwwer any other,0.0,0.0,0.0,0.0,0.0,1
can i assist you in,0.0,0.0,0.0,0.0,0.0,1
can i assist you with,0.0,0.003564356435643564,0.0,0.0,0.0,5
can i be of any,0.0,0.0,0.0,0.0,0.0,1
can i be of further,0.0,0.0,0.0,0.0,0.0,4
can i book a reservation,0.0,0.0,0.0,0.0,0.0,2
can i book a room,0.0,0.0,0.0,0.0,0.0,8
can i book a stay,0.0,0.0,0.0,0.0,0.0,2
can i book a table,0.0,0.0,0.0,0.0,0.0,4
can i book it for,0.0,0.007600950118764847,0.0,0.0,0.0,3
can i book it?,0.0,0.0,0.0,0.0,0.0,2
can i book this for,0.0,0.0,0.0,0.0,0.0,1
can i book you a,0.0,0.0074505238649592576,0.0,0.0,0.0,3
can i book you any,0.0,0.0,0.0,0.0,0.0,1
can i check availability for,0.0,0.0,0.0,0.0,0.0,1
can i check on availability,0.0,0.0,0.0,0.0,0.0,2
can i check on room,0.0,0.0,0.0,0.0,0.0,1
can i do anything else,0.0,0.0,0.0,0.0,0.0,1
can i find any more,0.0,0.005084745762711865,0.0,0.0,0.0,4
can i find any other,0.0,0.0,0.0,0.0,0.0,1
can i find out any,0.0,0.0,0.0,0.0,0.0,2
can i get you any,0.0,0.0,0.0,0.0,0.0,2
can i help answer anything,0.0,0.0,0.0,0.0,0.0,1
can i help with any,0.0,0.0,0.0,0.0,0.0,1
can i help with anything,0.0,0.0,0.0,0.0,0.0,5
can i help with making,0.0,0.0,0.0,0.0,0.0,1
can i help you book,0.0,0.00632411067193676,0.0,0.0,0.0,3
can i help you make,0.0,0.0,0.0,0.0,0.0,2
can i help you reserve,0.0,0.0,0.0,0.0,0.0,1
can i help you with,0.0,0.002293253189191955,0.0,0.0,0.0,135
can i let you know,0.0,0.0,0.0,0.0,0.0,1
can i look into another,0.0,0.0,0.0,0.0,0.0,1
can i make a booking,0.0,0.0,0.0,0.0,0.0,1
can i make a reservation,0.0,0.0,0.0,0.0,0.0,1
can i proceed and make,0.0,0.0,0.0,0.0,0.0,1
can i provide any more,0.0,0.0,0.0,0.0,0.0,1
can i provide any other,0.0,0.0,0.0,0.0,0.0,1
can i provide you more,0.0,0.0,0.0,0.0,0.0,1
can i reserve a room,0.0,0.0,0.0,0.0,0.0,2
can i reserve the outdoor,0.0,0.0,0.0,0.0,0.0,1
can i search for something,0.0,0.0,0.0,0.0,0.0,1
can i tell you anything,0.0,0.0,0.0,0.0,0.0,4
can we book?,0.0,0.0,0.0,0.0,0.0,1
can you help with anything,0.0,0.024273072060682688,0.0,0.0,0.0,1
can you tell me some,0.0,0.0,0.0,0.0,0.0,1
confusing huh?,0.0,0.010786516853932584,0.0,0.0,0.0,1
could i help you with,0.0,0.0,0.0,0.0,0.0,1
could you tell me when,0.0,0.0,0.0,0.0,0.0,1
did this help you at,0.0,0.0,0.0,0.0,0.0,1
did you need any more,0.0,0.0,0.0,0.0,0.0,1
did you still want to,0.0,0.0,0.0,0.0,0.0,1
did you want information on,0.0,0.0,0.0,0.0,0.0,1
did you want me to,0.0,0.0,0.0,0.0,0.0,2
did you want to book,0.0,0.0,0.0,0.0,0.0,1
did you want to try,0.0,0.0,0.0,0.0,0.0,1
do either of those sound,0.0,0.0,0.0,0.0,0.0,1
do have any other questions,0.0,0.0,0.0,0.0,0.0,1
do you any other questions,0.0,0.0,0.0,0.0,0.0,1
do you have additional questions?,0.0,0.01054945054945055,0.0,0.0,0.0,2
do you have another question?,0.0,0.0,0.0,0.0,0.0,2
do you have another questions,0.0,0.0,0.0,0.0,0.0,1
do you have any additional,0.0,0.003960396039603961,0.0,0.0,0.0,6
do you have any further,0.0,0.001491957417048722,0.0,0.0,0.0,17
do you have any more,0.0,0.0009288824383164008,0.0,0.0,0.0,13
do you have any other,0.0,0.001284457044251831,0.0,0.0,0.0,239
do you have anymore questions?,0.0,0.0,0.0,0.0,0.0,1
do you have further questions?,0.0,0.0,0.0,0.0,0.0,1
do you have other questions,0.0,0.004375569735642662,0.0,0.0,0.0,4
do you have other questions?,0.0,0.0,0.0,0.0,0.0,2
do you have questions about,0.0,0.0,0.0,0.0,0.0,1
do you need a reservation?,0.0,0.0,0.0,0.0,0.0,2
do you need additional information,0.0,0.0,0.0,0.0,0.0,1
do you need additional options,0.0,0.0,0.0,0.0,0.0,1
do you need any additional,0.0,0.0,0.0,0.0,0.0,3
do you need any more,0.0,0.0016537467700258402,0.0,0.0,0.0,15
do you need any other,0.0,0.0,0.0,0.0,0.0,20
do you need anymore information?,0.0,0.011175785797438886,0.0,0.0,0.0,2
do you need anything else,0.0,0.0,0.0,0.0,0.0,2
do you need anything else?,0.0,0.0008328513591671486,0.0,0.0,0.0,19
do you need assistance with,0.0,0.0,0.0,0.0,0.0,2
do you need help with,0.0,0.0,0.0,0.0,0.0,6
do you need me to,0.0,0.0,0.0,0.0,0.0,1
do you need more information,0.0,0.0,0.0,0.0,0.0,2
do you need more information?,0.0,0.0,0.0,0.0,0.0,7
do you need more specifics?,0.0,0.0,0.0,0.0,0.0,1
do you need to know,0.0,0.0027266263117261273,0.0,0.0,0.0,18
do you still think limehouse,0.0,0.0,0.0,0.0,0.0,1
do you still want a,0.0,0.0,0.0,0.0,0.0,2
do you still want your,0.0,0.0,0.0,0.0,0.0,1
do you want a booking?,0.0,0.0,0.0,0.0,0.0,2
do you want a reservation,0.0,0.0017301973506353074,0.0,0.0,0.0,9
do you want a reservation?,5.9350384954657994e-12,0.0019251284119379882,0.001934235976789168,0.0,0.001934235976789168,47
do you want a room,0.0,0.01016949152542373,0.0,0.0,0.0,2
do you want a room?,0.0,0.0,0.0,0.0,0.0,1
do you want a table,0.0,0.0,0.0,0.0,0.0,1
do you want any more,0.0,0.0,0.0,0.0,0.0,5
do you want anymore information?,0.0,0.0,0.0,0.0,0.0,1
do you want me to,0.0,0.0007852760736196321,0.0,0.0,0.0,25
do you want that or,0.0,0.022802850356294542,0.0,0.0,0.0,1
do you want the reservation?,0.0,0.0,0.0,0.0,0.0,1
do you want to book,0.0,0.003133833207015774,0.0,0.0,0.0,76
do you want to change,0.0,0.0,0.0,0.0,0.0,4
do you want to continue,0.0,0.0,0.0,0.0,0.0,1
do you want to dine,0.0,0.0,0.0,0.0,0.0,1
do you want to explore,0.0,0.0,0.0,0.0,0.0,8
do you want to get,0.0,0.0,0.0,0.0,0.0,1
do you want to go,0.0,0.0,0.0,0.0,0.0,2
do you want to know,0.0,0.0,0.0,0.0,0.0,67
do you want to look,0.0,0.0015017510493933104,0.0,0.0,0.0,41
do you want to make,0.0,0.0005990010145453633,0.0,0.0,0.0,122
do you want to search,0.0,0.0,0.0,0.0,0.0,1
do you want to stay,0.0,0.005010974610974611,0.0,0.0,0.0,15
do you want to try,0.0,0.0,0.0,0.0,0.0,2
does that sound good for,0.0,0.0,0.0,0.0,0.0,1
does that sound good to,0.0,0.0,0.0,0.0,0.0,21
does that sound good?,0.0,0.0,0.0,0.0,0.0,3
does that sound like a,0.0,0.0,0.0,0.0,0.0,4
does that sound like it,0.0,0.0,0.0,0.0,0.0,2
does that sound like something,0.0,0.0,0.0,0.0,0.0,2
does that sound ok?,0.0,0.0,0.0,0.0,0.0,2
does that sound okay for,0.0,0.0,0.0,0.0,0.0,2
does that sound okay to,0.0,0.0,0.0,0.0,0.0,2
does that sounds alright to,0.0,0.0,0.0,0.0,0.0,1
does that work for you?,0.0,0.0,0.0,0.0,0.0,3
does this sound like a,0.0,0.0,0.0,0.0,0.0,1
guests find the beds to,0.0,0.0,0.0,0.0,0.0,1
have you made a decision?,0.0,0.0,0.0,0.0,0.0,1
hope that's good enough to,0.0,0.0,0.0,0.0,0.0,1
how does it sound to,0.0,0.0,0.0,0.0,0.0,2
how does that sound or,0.0,0.0,0.0,0.0,0.0,1
how does that sound to,0.0,0.0,0.0,0.0,0.0,8
how else may i help,0.0,0.0,0.0,0.0,0.0,1
how many nights would you,0.0,0.0,0.0,0.0,0.0,1
how many people will be,0.0,0.0,0.0,0.0,0.0,3
how many people would you,0.0,0.0,0.0,0.0,0.0,1
how much space do you,0.0,0.0,0.0,0.0,0.0,1
"however, according to the reviews",0.0,0.0,0.0,0.0,0.0,1
"i am not sure, but",0.0,0.0,0.0,0.0,0.0,1
i can help you with?,0.0,0.0,0.0,0.0,0.0,2
i can try to select,0.0,0.0,0.0,0.0,0.0,1
i hope that's enough to,0.0,0.0,0.0,0.0,0.0,1
"i suggest we look elsewhere,",0.0,0.0,0.0,0.0,0.0,1
if seats are available and,0.0,0.0,0.0,0.0,0.0,1
if that sounds good to,0.0,0.0,0.0,0.0,0.0,1
"if that's important to you,",0.0,0.0,0.0,0.0,0.0,1
"if you would like, i",0.0,0.0,0.0,0.0,0.0,1
if you'd like i can,0.0,0.0,0.0,0.0,0.0,1
india house does have alcoholic,0.0,0.0,0.0,0.0,0.0,1
is here anything else you'd,0.0,0.0,0.0,0.0,0.0,3
is indoor decor important for,0.0,0.0,0.0,0.0,0.0,1
is that a deal breaker,0.0,0.0,0.0,0.0,0.0,1
is that a deal-breaker for,0.0,0.0,0.0,0.0,0.0,1
is that a deal-breaker?,0.0,0.0,0.0,0.0,0.0,1
is that all right for,0.0,0.0,0.0,0.0,0.0,1
is that enough?,0.0,0.0,0.0,0.0,0.0,1
is that going to be,0.0,0.0,0.0,0.0,0.0,12
is that important enough that,0.0,0.0,0.0,0.0,0.0,1
is that ok with you?,0.0,0.0,0.0,0.0,0.0,1
is that okay or do,0.0,0.0,0.0,0.0,0.0,1
is that okay with you?,0.0,0.0,0.0,0.0,0.0,2
is that okay?,0.0,0.0,0.0,0.0,0.0,3
is that something that sounds,0.0,0.0,0.0,0.0,0.0,1
is that the type of,0.0,0.0,0.0,0.0,0.0,1
is that within your budget?,0.0,0.0,0.0,0.0,0.0,1
is thee anything else you'd,0.0,0.0,0.0,0.0,0.0,1
is their anything else i,0.0,0.0,0.0,0.0,0.0,1
is there a particular drink,0.0,0.0,0.0,0.0,0.0,1
is there a specific drink,0.0,0.0,0.0,0.0,0.0,1
is there another location you'd,0.0,0.0,0.0,0.0,0.0,1
is there any more information,0.0,0.009109747571505004,0.0,0.0,0.0,12
is there any other assistance,0.0,0.0,0.0,0.0,0.0,1
is there any other information,0.0,0.0022180080142029995,0.0,0.0,0.0,34
is there anything else for,0.0,0.0,0.0,0.0,0.0,1
is there anything else i,0.0,0.0005234631485350424,0.0,0.0,0.0,180
is there anything else that,0.0,0.0009620809752902892,0.0,0.0,0.0,59
is there anything else you,0.0,0.0020324326480095026,0.0,0.0,0.0,81
is there anything else you'd,0.0,0.00046727498885630413,0.0,0.0,0.0,160
is there anything else you'ld,0.0,0.0,0.0,0.0,0.0,1
is there anything else?,0.0,0.0,0.0,0.0,0.0,2
is there anything further that,0.0,0.021500559910414344,0.0,0.0,0.0,1
is there anything more you,0.0,0.0,0.0,0.0,0.0,1
is there anything other information,0.0,0.0,0.0,0.0,0.0,1
is there anyting else i,0.0,0.0,0.0,0.0,0.0,2
is there something else you,0.0,0.022351571594877773,0.0,0.0,0.0,1
is there something else you'd,0.0,0.0,0.0,0.0,0.0,1
is this helpful?,0.0,0.0,0.0,0.0,0.0,1
is this something that will,0.0,0.0,0.0,0.0,0.0,1
it has been noted by,0.0,0.0,0.0,0.0,0.0,1
it is close to one,0.0,0.0,0.0,0.0,0.0,1
"it's right off the highway,",0.0,0.0,0.0,0.0,0.0,1
lan hong house does not,0.0,0.0,0.0,0.0,0.0,1
let's find another option for,0.0,0.0,0.0,0.0,0.0,1
may i book a table,0.0,0.0,0.0,0.0,0.0,2
may i book this for,0.0,0.0,0.0,0.0,0.0,1
may i book you a,0.0,0.0,0.0,0.0,0.0,1
may i help with anything,0.0,0.023272727272727278,0.0,0.0,0.0,1
may i help you with,0.0,0.0,0.0,0.0,0.0,6
may i please get the,0.0,0.0,0.0,0.0,0.0,1
may i tell you anything,0.0,0.0,0.0,0.0,0.0,1
maybe it moved since then?,0.0,0.0,0.0,0.0,0.0,1
nandos does not have any,0.0,0.0,0.0,0.0,0.0,1
need a reservation?,0.0,0.0,0.0,0.0,0.0,1
need anything else?,0.0,0.0,0.0,0.0,0.0,1
need me to book a,0.0,0.0,0.0,0.0,0.0,1
one customer said that the,0.0,0.0,0.0,0.0,0.0,1
one person said it was,0.0,0.0,0.0,0.0,0.0,1
only one person said that,0.0,0.0,0.0,0.0,0.0,1
or i should i help,0.0,0.0,0.0,0.0,0.0,1
or is there something else,0.0,0.0,0.0,0.0,0.0,1
or should i cancel the,0.0,0.0,0.0,0.0,0.0,1
past customers of the autumn,0.0,0.0,0.0,0.0,0.0,1
ready to book?,0.0,0.023272727272727278,0.0,0.0,0.0,1
shall i book a reservation,0.0,0.0,0.0,0.0,0.0,1
shall i book a room,0.0,0.0033298647242455785,0.0,0.0,0.0,6
shall i book a room?,0.0,0.0,0.0,0.0,0.0,1
shall i book a table,0.0,0.0,0.0,0.0,0.0,3
shall i book it for,0.0,0.0,0.0,0.0,0.0,6
"shall i book it, or",0.0,0.0,0.0,0.0,0.0,1
shall i book it?,0.0,0.0,0.0,0.0,0.0,1
shall i book you?,0.0,0.0,0.0,0.0,0.0,1
shall i book?,0.0,0.0,0.0,0.0,0.0,1
shall i check on avaibility,0.0,0.0,0.0,0.0,0.0,1
shall i check on availability,0.0,0.0,0.0,0.0,0.0,3
shall i check on little,0.0,0.0,0.0,0.0,0.0,1
shall i continue the search,0.0,0.0,0.0,0.0,0.0,1
shall i find another option,0.0,0.0,0.0,0.0,0.0,1
shall i go ahead and,0.0,0.0,0.0,0.0,0.0,1
shall i go ahead with,0.0,0.022802850356294542,0.0,0.0,0.0,1
shall i look for a,0.0,0.0,0.0,0.0,0.0,1
shall i note on your,0.0,0.0,0.0,0.0,0.0,1
shall i seach for an,0.0,0.0,0.0,0.0,0.0,1
shall i search for a,0.0,0.0,0.0,0.0,0.0,1
shall i search for an,0.0,0.0,0.0,0.0,0.0,3
shall i search for another,0.0,0.0,0.0,0.0,0.0,2
shall i search for something,0.0,0.023272727272727278,0.0,0.0,0.0,1
shall i try one of,0.0,0.0,0.0,0.0,0.0,1
shall we book a reservation?,0.0,0.0,0.0,0.0,0.0,1
should i add a request,0.0,0.0,0.0,0.0,0.0,1
should i book a reservation?,0.0,0.0,0.0,0.0,0.0,2
should i book a room,0.0,0.004664723032069972,0.0,0.0,0.0,4
should i book a table,0.0,0.002113606340819023,0.0,0.0,0.0,12
should i book a table?,0.0,0.0,0.0,0.0,0.0,5
should i book ashley hotel?,0.0,0.0,0.0,0.0,0.0,1
should i book it for,0.0,0.005126307965394707,0.0,0.0,0.0,8
should i book it?,0.0,0.0,0.0,0.0,0.0,15
should i book that for,0.0,0.0,0.0,0.0,0.0,1
should i book that table?,0.0,0.0,0.0,0.0,0.0,1
should i book the allenbell?,0.0,0.01672473867595819,0.0,0.0,0.0,1
should i book the gonville,0.0,0.020711974110032366,0.0,0.0,0.0,1
should i book the reservation,0.0,0.0,0.0,0.0,0.0,1
should i book the room,0.0,0.0,0.0,0.0,0.0,2
should i book this for,0.0,0.0,0.0,0.0,0.0,1
should i book worth house,0.0,0.0,0.0,0.0,0.0,1
should i book you a,0.0,0.0037221355024077587,0.0,0.0,0.0,8
should i cancel the reservation,0.0,0.0,0.0,0.0,0.0,1
should i check for a,0.0,0.0,0.0,0.0,0.0,1
should i check on availability,0.0,0.0,0.0,0.0,0.0,1
should i check on table,0.0,0.0,0.0,0.0,0.0,1
should i choose another one,0.0,0.0,0.0,0.0,0.0,1
should i choose another option,0.0,0.0,0.0,0.0,0.0,1
should i choose another option?,0.0,0.0,0.0,0.0,0.0,1
should i continue with the,0.0,0.0,0.0,0.0,0.0,1
should i finalize that reservation,0.0,0.0,0.0,0.0,0.0,1
should i find another option,0.0,0.0,0.0,0.0,0.0,1
should i go ahead and,0.0,0.0,0.0,0.0,0.0,6
should i go back to,0.0,0.0,0.0,0.0,0.0,1
should i keep looking for,0.0,0.0,0.0,0.0,0.0,1
should i keep searching for,0.0,0.027195467422096328,0.0,0.0,0.0,1
should i look at other,0.0,0.0,0.0,0.0,0.0,1
should i look for a,0.0,0.0,0.0,0.0,0.0,2
should i look for an,0.0,0.011881188118811883,0.0,0.0,0.0,2
should i look for another,0.0,0.0037617554858934174,0.0,0.0,0.0,8
should i look for more,0.0,0.0,0.0,0.0,0.0,1
should i look for other,0.0,0.0,0.0,0.0,0.0,2
should i look for others?,0.0,0.0,0.0,0.0,0.0,1
should i look for something,0.0,0.0,0.0,0.0,0.0,1
should i look for somewhere,0.0,0.0,0.0,0.0,0.0,1
should i make a booking,0.0,0.0,0.0,0.0,0.0,1
should i make a reservation,0.0,0.0,0.0,0.0,0.0,3
should i make a reservation?,0.0,0.013933236574746011,0.0,0.0,0.0,2
should i make a resevation?,0.0,0.0,0.0,0.0,0.0,1
should i make that reservation?,0.0,0.0,0.0,0.0,0.0,1
should i make the reservation,0.0,0.0,0.0,0.0,0.0,1
should i make the reservation?,0.0,0.0,0.0,0.0,0.0,1
should i proceed and book,0.0,0.0,0.0,0.0,0.0,1
should i proceed to make,0.0,0.010958904109589045,0.0,0.0,0.0,2
should i reserve a table,0.0,0.0,0.0,0.0,0.0,1
should i reserve a table?,0.0,0.0,0.0,0.0,0.0,1
should i search for a,0.0,0.0029506685108344867,0.0,0.0,0.0,9
should i search for an,0.0,0.0,0.0,0.0,0.0,2
should i search for another,0.0,0.0,0.0,0.0,0.0,10
should i search for something,0.0,0.0,0.0,0.0,0.0,4
should i select a different,0.0,0.0,0.0,0.0,0.0,1
should i set up a,0.0,0.023762376237623766,0.0,0.0,0.0,1
should i start another search,0.0,0.0,0.0,0.0,0.0,1
should i try a different,0.0,0.0,0.0,0.0,0.0,1
should i try another hotel?,0.0,0.0,0.0,0.0,0.0,1
should i try another location,0.0,0.01016949152542373,0.0,0.0,0.0,2
should i try another option,0.0,0.0,0.0,0.0,0.0,1
should i try another search?,0.0,0.0,0.0,0.0,0.0,1
should i try to book,0.0,0.0,0.0,0.0,0.0,1
should i verify your reservations?,0.0,0.0,0.0,0.0,0.0,1
should we book a room,0.0,0.015153906866614051,0.0,0.0,0.0,1
should we cancel your reservation?,0.0,0.0,0.0,0.0,0.0,1
should we continue on with,0.0,0.0,0.0,0.0,0.0,1
should we go ahead with,0.0,0.0,0.0,0.0,0.0,1
should we look at other,0.0,0.0,0.0,0.0,0.0,1
should we look elsewhere?,0.0,0.0,0.0,0.0,0.0,1
should we look somewhere else,0.0,0.0,0.0,0.0,0.0,1
should we try another location,0.0,0.0,0.0,0.0,0.0,1
"sitar tandoori is about 50/50,",0.0,0.0,0.0,0.0,0.0,1
"some mixed signals there, eh?",0.0,0.0,0.0,0.0,0.0,1
sound good enough for you?,0.0,0.0,0.0,0.0,0.0,2
sound good to you?,0.0,0.0010769014293209756,0.0,0.0,0.0,43
sound good?,0.0,0.002818141787758697,0.0,0.0,0.0,9
"sounds friendly, right?",0.0,0.020711974110032366,0.0,0.0,0.0,1
sounds good right?,0.0,0.0,0.0,0.0,0.0,1
"sounds good, right?",0.0,0.012597095424853664,0.0,0.0,0.0,7
"sounds nice, eh?",0.0,0.01016949152542373,0.0,0.0,0.0,2
"sounds nice, right?",0.0,0.02191780821917809,0.0,0.0,0.0,3
the allenbell offers big rooms,0.0,0.0,0.0,0.0,0.0,1
the alpha milton guest house,0.0,0.0,0.0,0.0,0.0,1
the aylesbray lodge guest house,0.0,0.0,0.0,0.0,0.0,2
the bathrooms at the huntingdon,0.0,0.0,0.0,0.0,0.0,1
the city centre north b,0.0,0.0,0.0,0.0,0.0,1
the express by holiday inn,0.0,0.0,0.0,0.0,0.0,1
the galleria seems to have,0.0,0.0,0.0,0.0,0.0,1
the gonville hotel has very,0.0,0.0,0.0,0.0,0.0,1
the grafton hotel has nice,0.0,0.0,0.0,0.0,0.0,1
the hamilton lodge gets very,0.0,0.0,0.0,0.0,0.0,1
the hobsons rooms seem to,0.0,0.0,0.0,0.0,0.0,1
the portion sizes at peking,0.0,0.0,0.0,0.0,0.0,1
the river bar steakhouse and,0.0,0.0,0.0,0.0,0.0,1
the rooms are reported to,0.0,0.0,0.0,0.0,0.0,1
the rooms at the autumn,0.0,0.0,0.0,0.0,0.0,1
the rooms there are said,0.0,0.0,0.0,0.0,0.0,1
the staff at the acorn,0.0,0.024273072060682688,0.0,0.0,0.0,1
the tandoori palace has bland,0.0,0.018604651162790694,0.0,0.0,0.0,1
the view in charlie chan,0.0,0.0,0.0,0.0,0.0,1
the warkworth house has continental,0.0,0.0,0.0,0.0,0.0,1
there are also some comments,0.0,0.0,0.0,0.0,0.0,1
there were also some customers,0.0,0.0,0.0,0.0,0.0,1
want a reservation there?,0.0,0.0,0.0,0.0,0.0,1
want a reservation?,0.0,0.0,0.0,0.0,0.0,2
want another suggestion?,0.0,0.0,0.0,0.0,0.0,1
want me to book it,0.0,0.025363276089828274,0.0,0.0,0.0,1
want me to book it?,0.0,0.010355987055016183,0.0,0.0,0.0,2
want me to book you,0.0,0.0,0.0,0.0,0.0,1
want more info or to,0.0,0.0,0.0,0.0,0.0,1
want to book a reservation?,0.0,0.008268733850129202,0.0,0.0,0.0,3
want to book a room?,0.0,0.0,0.0,0.0,0.0,4
want to book a table,0.0,0.0,0.0,0.0,0.0,3
want to book a table?,0.0,0.0,0.0,0.0,0.0,1
want to book it anyways?,0.0,0.0,0.0,0.0,0.0,1
want to book it now?,0.0,0.0,0.0,0.0,0.0,1
want to book it?,0.0,0.002091959032468948,0.0,0.0,0.0,13
want to book something else?,0.0,0.0,0.0,0.0,0.0,1
want to get a reservation?,0.0,0.018972332015810278,0.0,0.0,0.0,1
want to go ahead and,0.0,0.0,0.0,0.0,0.0,2
want to know anything else,0.0,0.0,0.0,0.0,0.0,1
want to know anything else?,0.0,0.0,0.0,0.0,0.0,4
want to look elsewhere?,0.0,0.0,0.0,0.0,0.0,2
want to make a booking?,0.0,0.0,0.0,0.0,0.0,1
want to make a reservation,0.0,0.0,0.0,0.0,0.0,1
want to make a reservation?,0.0,0.0017582417582417582,0.0,0.0,0.0,12
want to plan a trip,0.0,0.0,0.0,0.0,0.0,1
want to stay there?,0.0,0.0,0.0,0.0,0.0,3
want to try it anyway?,0.0,0.0,0.0,0.0,0.0,1
want to try that place,0.0,0.0,0.0,0.0,0.0,1
we could also look at,0.0,0.0,0.0,0.0,0.0,1
what accommodations are you looking,0.0,0.0,0.0,0.0,0.0,1
what amenities are you looking,0.0,0.0,0.0,0.0,0.0,1
what day are you wanting,0.0,0.0,0.0,0.0,0.0,1
what days are you looking,0.0,0.027866473149492022,0.0,0.0,0.0,1
what days will you be,0.0,0.0,0.0,0.0,0.0,1
what days would you be,0.0,0.025363276089828274,0.0,0.0,0.0,1
what days would you like,0.0,0.0,0.0,0.0,0.0,1
what do you like to,0.0,0.0,0.0,0.0,0.0,1
what do you think...would you,0.0,0.0,0.0,0.0,0.0,1
what else are you looking,0.0,0.0,0.0,0.0,0.0,1
what else can i do,0.0,0.0,0.0,0.0,0.0,1
what else can i find,0.0,0.0,0.0,0.0,0.0,2
what else can i help,0.0,0.0,0.0,0.0,0.0,2
what else can i tell,0.0,0.005439093484419266,0.0,0.0,0.0,5
what else can tell you,0.0,0.0,0.0,0.0,0.0,1
what else do you need?,0.0,0.0,0.0,0.0,0.0,1
what else would you like,0.0,0.001334445371142619,0.0,0.0,0.0,12
what else?,0.0,0.0,0.0,0.0,0.0,1
what is your budge?,0.0,0.0,0.0,0.0,0.0,1
what is your budget?,0.0,0.0,0.0,0.0,0.0,3
what night would you like,0.0,0.0210989010989011,0.0,0.0,0.0,1
what nights were you planning,0.0,0.0,0.0,0.0,0.0,1
what other information do you,0.0,0.0,0.0,0.0,0.0,1
what other questions do you,0.0,0.0,0.0,0.0,0.0,1
what size do you need,0.0,0.0,0.0,0.0,0.0,1
what size do you require?,0.0,0.0,0.0,0.0,0.0,1
what would you like to,0.0,0.0,0.0,0.0,0.0,1
when would you like me,0.0,0.0,0.0,0.0,0.0,2
where would you like your,0.0,0.0,0.0,0.0,0.0,1
which night would you like,0.0,0.0,0.0,0.0,0.0,1
which one sounds better to,0.0,0.0,0.0,0.0,0.0,2
which one would you like,0.0,0.0,0.0,0.0,0.0,2
"will that be okay, or",0.0,0.0,0.0,0.0,0.0,2
will that still work for,0.0,0.005587892898719443,0.0,0.0,0.0,4
will that still work or,0.0,0.0,0.0,0.0,0.0,1
"will that still work, or",0.0,0.0,0.0,0.0,0.0,5
will that work for you,0.0,0.0019393939393939398,0.0,0.0,0.0,12
"will that work for you,",0.0,0.0,0.0,0.0,0.0,7
will that work for you?,0.0,0.0013413441386055612,0.0,0.0,0.0,17
will that work or should,0.0,0.0,0.0,0.0,0.0,8
will that work or would,0.0,0.0,0.0,0.0,0.0,2
"will that work, or should",0.0,0.0,0.0,0.0,0.0,2
will that work?,0.0,0.0,0.0,0.0,0.0,1
will there be anything else,0.0,0.0,0.0,0.0,0.0,1
will this booking also be,0.0,0.0,0.0,0.0,0.0,1
will this work for you?,0.0,0.0,0.0,0.0,0.0,1
would like me to book,0.0,0.0,0.0,0.0,0.0,1
would like more information about,0.0,0.0,0.0,0.0,0.0,1
would like some more information,0.0,0.0,0.0,0.0,0.0,1
would you be interested in,0.0,0.0017361948396431154,0.0,0.0,0.0,13
would you be interested or,0.0,0.0,0.0,0.0,0.0,1
would you care to book,0.0,0.0,0.0,0.0,0.0,2
would you care to make,0.0,0.0,0.0,0.0,0.0,1
would you like a booking,0.0,0.0,0.0,0.0,0.0,1
would you like a booking?,0.0,0.0,0.0,0.0,0.0,1
would you like a little,0.0,0.0,0.0,0.0,0.0,1
would you like a reservation,0.0,0.0018577648766328015,0.0,0.0,0.0,15
would you like a reservation?,0.0,0.0005078021687384291,0.0,0.0,0.0,38
would you like a room,0.0,0.0,0.0,0.0,0.0,1
would you like a room?,0.0,0.011641306648479576,0.0,0.0,0.0,4
would you like a table,0.0,0.0,0.0,0.0,0.0,2
would you like a table?,0.0,0.0,0.0,0.0,0.0,2
would you like a to,0.0,0.0,0.0,0.0,0.0,2
would you like additional information,0.0,0.0,0.0,0.0,0.0,1
would you like additional information?,0.0,0.0,0.0,0.0,0.0,1
would you like another option?,0.0,0.0,0.0,0.0,0.0,2
would you like any further,0.0,0.0,0.0,0.0,0.0,2
would you like any more,0.0,0.0,0.0,0.0,0.0,5
would you like any other,0.0,0.0038754347572009505,0.0,0.0,0.0,11
would you like anything else?,0.0,0.0,0.0,0.0,0.0,1
would you like assistance in,0.0,0.0,0.0,0.0,0.0,1
would you like assistance with,0.0,0.0,0.0,0.0,0.0,1
would you like for me,0.0,0.0029090909090909098,0.0,0.0,0.0,8
would you like further information?,0.0,0.0,0.0,0.0,0.0,2
would you like help booking,0.0,0.0,0.0,0.0,0.0,7
would you like help booking?,0.0,0.0,0.0,0.0,0.0,1
would you like help in,0.0,0.0,0.0,0.0,0.0,8
would you like help making,0.0,0.0,0.0,0.0,0.0,1
would you like help with,0.0,0.007355499785262809,0.0,0.0,0.0,10
would you like information about,0.0,0.0,0.0,0.0,0.0,1
would you like information on,0.0,0.0059405940594059415,0.0,0.0,0.0,4
would you like me check,0.0,0.0,0.0,0.0,0.0,1
would you like me find,0.0,0.0,0.0,0.0,0.0,1
would you like me to,0.0,0.0013313759083136473,0.0,0.0,0.0,800
would you like more info,0.0,0.0,0.0,0.0,0.0,1
would you like more information,0.0,0.000689621209363672,0.0,0.0,0.0,50
would you like more information?,0.0,0.0,0.0,0.0,0.0,26
would you like more infromation?,0.0,0.0,0.0,0.0,0.0,1
would you like reservations?,0.0,0.0,0.0,0.0,0.0,2
would you like some information,0.0,0.0,0.0,0.0,0.0,1
would you like some more,0.0,0.0,0.0,0.0,0.0,30
would you like some other,0.0,0.0,0.0,0.0,0.0,2
would you like some place,0.0,0.0,0.0,0.0,0.0,1
would you like the address,0.0,0.0,0.0,0.0,0.0,1
would you like the address?,0.0,0.0,0.0,0.0,0.0,1
would you like the contact,0.0,0.0,0.0,0.0,0.0,1
would you like the phone,0.0,0.0,0.0,0.0,0.0,7
would you like the table?,0.0,0.0,0.0,0.0,0.0,1
would you like their address,0.0,0.0,0.0,0.0,0.0,1
would you like their telephone,0.0,0.0,0.0,0.0,0.0,1
would you like to any,0.0,0.0,0.0,0.0,0.0,1
would you like to book,0.0,0.002057877012340822,0.0,0.0,0.0,283
would you like to book?,0.0,0.0,0.0,0.0,0.0,5
would you like to change,0.0,0.0,0.0,0.0,0.0,3
would you like to check,0.0,0.0012440873452990349,0.0,0.0,0.0,11
would you like to choose,0.0,0.0,0.0,0.0,0.0,1
would you like to contact,0.0,0.0,0.0,0.0,0.0,1
would you like to continue,0.0,0.0,0.0,0.0,0.0,3
would you like to do,0.0,0.0,0.0,0.0,0.0,2
would you like to eat,0.0,0.0,0.0,0.0,0.0,1
would you like to explore,0.0,0.003016422681553314,0.0,0.0,0.0,13
would you like to find,0.0,0.0,0.0,0.0,0.0,13
would you like to get,0.0,0.0,0.0,0.0,0.0,3
would you like to give,0.0,0.0023921588138713376,0.0,0.0,0.0,18
would you like to go,0.0,0.008091024020227563,0.0,0.0,0.0,3
would you like to hear,0.0,0.0,0.0,0.0,0.0,2
would you like to keep,0.0,0.0,0.0,0.0,0.0,1
would you like to know,0.0,0.0008580780472997991,0.0,0.0,0.0,766
would you like to look,0.0,0.001554475247813837,0.0,0.0,0.0,45
would you like to make,0.0,0.001625815696170118,0.0,0.0,0.0,174
would you like to me,0.0,0.004752475247524753,0.0,0.0,0.0,5
would you like to more,0.0,0.0,0.0,0.0,0.0,1
would you like to now,0.0,0.0,0.0,0.0,0.0,1
would you like to onow,0.0,0.0,0.0,0.0,0.0,1
would you like to proceed,0.0,0.0,0.0,0.0,0.0,4
would you like to reservation?,0.0,0.0,0.0,0.0,0.0,1
would you like to reserve,0.0,0.0036208727244815726,0.0,0.0,0.0,12
would you like to rethink,0.0,0.0,0.0,0.0,0.0,1
would you like to search,0.0,0.0,0.0,0.0,0.0,1
would you like to see,0.0,0.0,0.0,0.0,0.0,1
would you like to stay,0.0,0.004065514415952058,0.0,0.0,0.0,11
would you like to take,0.0,0.00891089108910891,0.0,0.0,0.0,2
would you like to to,0.0,0.0,0.0,0.0,0.0,2
would you like to try,0.0,0.0011425683819695873,0.0,0.0,0.0,36
would you like your reservation,0.0,0.0,0.0,0.0,0.0,1
would you more information about,0.0,0.0,0.0,0.0,0.0,1
would you prefer to book,0.0,0.0,0.0,0.0,0.0,1
would you still be interested,0.0,0.0,0.0,0.0,0.0,7
would you still like a,0.0,0.0,0.0,0.0,0.0,3
would you still like me,0.0,0.0,0.0,0.0,0.0,4
would you still like to,0.0,0.004688727062237626,0.0,0.0,0.0,17
wouldyou like to know more,0.0,0.0,0.0,0.0,0.0,1
wouls you like to make,0.0,0.0,0.0,0.0,0.0,1
"yes, all of the reviews",0.0,0.0,0.0,0.0,0.0,1
"yes, bangkok city serves alcoholic",0.0,0.0,0.0,0.0,0.0,1
"yes, guests have good things",0.0,0.0,0.0,0.0,0.0,1
"yes, it appears that sala",0.0,0.0,0.0,0.0,0.0,1
"yes, the acorn guest house",0.0,0.0,0.0,0.0,0.0,1
"yes, the gandhi serves alcohol",0.0,0.0,0.0,0.0,0.0,1
"yes, the rooms are said",0.0,0.0,0.0,0.0,0.0,1
"yes, they serve alcoholic beverages",0.0,0.0,0.0,0.0,0.0,1
you interested?,0.0,0.0,0.0,0.0,0.0,1
